dataset,frac,seed,e1_ap,ens_e1,e2_ap,ens_e2,e1_t,ens_e1_t,e2_t,e2ens_t,ens_e1_at,ens_e1_at_t,e1_at,e1_at_t,e2_at,e2_at_t
online_shoppers_intention,0.2,0,0.7335897088714853,0.711819670337113,0.7318165802205255,0.7345326206390468,11.548939960002826,20.415600809000352,17.11767045600027,60.66308237200428,0.7262973374474122,61.79435622211895,0.7087604855330353,61.29273444390856,0.7339775575992052,63.44391078388435
online_shoppers_intention,0.6,0,0.7501441738766993,0.7369653969061986,0.7535457233795427,0.752045842923835,29.33033099899876,30.24954498199986,40.62935738699889,131.8956654240028,0.7359301832768794,132.18466363014886,0.7501441738766993,133.33856788600679,0.7553035217461245,133.23064477698063
online_shoppers_intention,1.0,0,0.7673054214073718,0.7616422656297754,0.7631975547469724,0.7635956106671332,49.9720846309956,41.16899749699997,49.12195336100012,657.5909381849924,0.7598514304360069,664.0525366840011,0.7672368651267398,660.9582819729985,0.7671037034484108,658.9730442409054
online_shoppers_intention,0.2,1,0.7105176995069613,0.713297815714711,0.7129479273124703,0.7217171226536532,11.254837256004976,16.492047760999867,13.330803087999811,80.70591759799572,0.7058692016790082,82.0426397160918,0.6978812985598811,80.72362860987778,0.7270621145461256,82.17125519609544
online_shoppers_intention,0.6,1,0.7342459842724729,0.73843398214104,0.7416240676159681,0.7417052546759983,46.622996596999656,31.84464543100012,36.37441981599841,229.6476512030058,0.7399624528949046,229.65862662013387,0.7453050963392454,239.8904931290308,0.7458233013569516,230.48843354417477
online_shoppers_intention,1.0,1,0.7401062690957931,0.734391505290591,0.7413259071808337,0.7484469542413046,45.12864817398986,59.43822521300035,45.576715025999874,587.3055310409982,0.7369427856404728,588.6875841639994,0.7355806494954414,589.6326604659553,0.7443654553170231,588.9306683501636
online_shoppers_intention,0.1,0,0.7036419289139033,0.6642374052561024,0.6310595689942832,0.6890148152906842,4.801972897010273,3.132849759029341,5.931389703957393,34.12891565800237,0.6492511031652175,34.18764738505706,0.6444770446107946,34.6170008960471,0.6595122724004555,34.417683998995926
online_shoppers_intention,0.3,0,0.7288994391343855,0.7209216659206389,0.7262852724618301,0.7354107595178475,17.09473015599724,6.920379704984953,17.83660692902413,41.488867175998166,0.7189866953726922,42.425852680928074,0.7437518444661378,42.19717685083742,0.727678547641896,42.42704333001166
online_shoppers_intention,0.4,0,0.7583937440388177,0.7376084781677908,0.7458183106104438,0.7448688446272482,25.109812540995332,5.310391218983568,30.933671240998592,63.00291622598888,0.7332855331093423,63.0042918541003,0.7495631271718183,63.30202941715834,0.7293553394014753,66.62982187897433
online_shoppers_intention,0.5,0,0.75038821293147,0.7393603881646089,0.7571070586502799,0.7523282711669491,31.437753048976447,6.533740388971637,26.977158792007685,107.4779250749998,0.7482022640081,110.45644938593614,0.7473490331714676,107.66742316694581,0.7521680851608564,108.01663150006789
online_shoppers_intention,0.7,0,0.7520750693231091,0.735278228656047,0.7553127672882929,0.753836470225201,31.994195074985328,12.225607439992018,36.441996136014495,287.7050613890024,0.7381772156953984,288.9186705190805,0.7549807899692672,289.71782498800894,0.7553127672882929,298.22447094792733
online_shoppers_intention,0.8,0,0.7496190411273482,0.7524557323538086,0.7601559964223379,0.7604591201998067,41.46973739198438,25.34273381900857,41.301613001995065,285.86248678999254,0.7575984504332129,286.04747855107416,0.7557771596481552,286.33949056087295,0.7593588170233725,289.62326943688095
online_shoppers_intention,0.9,0,0.7591193757851358,0.752236977233899,0.7603445669323864,0.7630095903204257,40.32089167198501,21.18478497097385,33.743198048014165,407.4667589919991,0.7498932750685745,408.0683113941923,0.7622971457389284,411.65333952289075,0.7535529817072778,408.4734834279516
online_shoppers_intention,0.1,1,0.7092105701006862,0.7158198498174769,0.6794936919974875,0.7035919151726479,4.624078415006807,3.484017226001015,5.121237763993122,226.5593745119986,0.7137566454899884,227.87686154685798,0.7048868832916895,199.50848432112252,0.7074265998769627,227.1577364889963
online_shoppers_intention,0.3,1,0.7342737367466875,0.7245777637102374,0.7386093398487108,0.7320815608742559,15.134506668004178,4.427809694985626,14.36310372301159,183.5095330450131,0.7084348625008445,184.52413569399505,0.7361673525057433,184.5441816280363,0.7372596721886866,187.0217501001025
online_shoppers_intention,0.4,1,0.7398062582763136,0.7225297702921655,0.7372140947509882,0.7313593147674711,25.899413193992583,8.422879826975986,24.8044468480075,201.16296854199027,0.733695790177497,201.30267048894893,0.7274741384100863,201.76783687676652,0.7420597132439399,203.73222891110345
online_shoppers_intention,0.5,1,0.7427651830604431,0.7297739836503188,0.7441456681403741,0.7414066383494627,21.50122959598957,6.698897270005546,24.799600026988628,230.72168209600204,0.7297739836503188,231.74958119020448,0.7323177705234662,231.26701648175367,0.7413479817245319,233.3255514050834
online_shoppers_intention,0.7,1,0.7440855640097049,0.7369340293973917,0.7458270138754997,0.7435199250942836,28.881094806012698,8.296214019996114,35.14051149000443,295.9362046820024,0.7345263310198414,297.9419163050188,0.7440855640097049,296.48546053795144,0.7337206231316048,299.506114933989
online_shoppers_intention,0.8,1,0.7469175836012213,0.7390339793673928,0.7475043822278353,0.7514087452439272,33.881291523985055,16.637813484980143,39.26944828499836,236.2940842679964,0.7411363802790593,239.059788093291,0.7457315165580459,236.56974132693722,0.7424857507568676,238.66457902593538
online_shoppers_intention,0.9,1,0.7468921383470373,0.7467364139957553,0.7457795879639262,0.748214656914648,38.49734960998831,18.610384207975585,37.105745791002846,273.7925943720038,0.7425986785068082,274.1958914518764,0.7416114238277749,273.99274289107416,0.743392081201927,273.8092657990346
Pulsar-Dataset-HTRU2,0.2,0,0.8980430579775086,0.919878097790035,0.9209384473087904,0.9230704526863291,8.381229438002265,7.7105648000001565,12.065600396992522,124.12296106600844,0.9240016175294293,124.57072461282951,0.9208379155761622,124.38803312688833,0.9194741534883287,124.86612846309436
Pulsar-Dataset-HTRU2,0.6,0,0.9225225472555088,0.9202599883639916,0.9232516971254996,0.9240019458156674,19.15447370698712,19.645135236999977,19.419150883999464,208.81098690599904,0.9266145164468483,209.28297131502768,0.9171097507773843,209.17912560500554,0.9255768555738606,209.38060108784703
Pulsar-Dataset-HTRU2,1.0,0,0.9253836214044192,0.9277516695741492,0.9252830166062486,0.9290965933990396,32.60893989899887,33.88002451999864,33.24298359801105,289.118030394995,0.9285705705103251,293.66536643117433,0.9162938196113205,289.15121161579737,0.9262825850951808,289.72362374479417
Pulsar-Dataset-HTRU2,0.2,1,0.9098548874897106,0.9110482499387976,0.9060435405800416,0.9098498283910224,9.34572907299662,12.302599244999328,11.26158210000176,96.96550038299756,0.9141456245911135,97.17341452688561,0.9021902769729452,97.05598729281337,0.9073661073758235,96.98774559222511
Pulsar-Dataset-HTRU2,0.6,1,0.9194829342152906,0.9179179205651186,0.9132276137428588,0.9187309597057632,18.0970213829969,23.491400494001937,24.59863502599728,256.4401033180038,0.9195924106527379,257.59584839997115,0.9130927194556532,256.4488394410582,0.9142940078219345,257.16978873993503
Pulsar-Dataset-HTRU2,1.0,1,0.9192074034982246,0.9200289069830936,0.9212258552305544,0.9202650427442532,32.56208166099896,53.71104079199904,35.33599957200022,408.2540369050112,0.9209799633069211,437.43018260376994,0.9192074034982246,324.70733676393866,0.919802881527843,408.4872329259815
Pulsar-Dataset-HTRU2,0.1,0,0.8992947211285004,0.9028734510425956,0.902596629004492,0.9136369249313132,5.224095206998754,15.627218978988822,4.186311503988691,136.82979299699946,0.9090987422969321,137.25411247389275,0.8910309679141882,137.04902758062235,0.9123069209993634,136.94367522516404
Pulsar-Dataset-HTRU2,0.3,0,0.909429154524092,0.9209934479725996,0.910004153435476,0.918684091944019,9.274224820994275,4.286139665011433,10.588610876009623,223.830628753989,0.924504132451691,224.14578260009876,0.9167841560282265,224.3521504489472,0.9117543392727627,224.15921610221267
Pulsar-Dataset-HTRU2,0.4,0,0.9144869485577348,0.9185524405345394,0.9076651149554438,0.924365664815658,14.405393852000998,31.79082986501453,14.738784280007168,192.07991138299985,0.9226071361536423,197.40479666291503,0.9228422490601127,192.12793835581397,0.9194442515749836,192.92507376117283
Pulsar-Dataset-HTRU2,0.5,0,0.9077978629376856,0.9253496855636448,0.9234183439009552,0.9229097575738908,12.53898255599779,11.223380247975,17.577849949000665,284.3741138320038,0.922674987661385,286.11104365982465,0.9198618542413755,285.5351153741649,0.9197144432884302,284.65479633567156
Pulsar-Dataset-HTRU2,0.7,0,0.925257129115977,0.9266415279953568,0.9239824405985164,0.9242775854833608,20.195954479993816,9.061480208998546,23.666439493990765,319.80692405400623,0.9245035490161396,323.926413603971,0.9207110367878625,281.49134026185493,0.9241349137773177,320.7498845437367
Pulsar-Dataset-HTRU2,0.8,0,0.923231391864547,0.925047275849109,0.9241158066868302,0.9262148985119052,21.305294179996054,26.1296337290114,27.327658202995732,255.8451860369969,0.9219448847510681,258.3090513930074,0.9248355889092434,256.4176098040771,0.9240488038714973,255.89490669200313
Pulsar-Dataset-HTRU2,0.9,0,0.921804747947026,0.9243671144300034,0.9248336566743126,0.9278150010851776,25.561271885024325,10.950022319011625,29.591285906994017,352.6132556299999,0.9269106043583101,354.5324716111063,0.9264706244223899,323.80482134519843,0.924891403670624,354.9259785038885
Pulsar-Dataset-HTRU2,0.1,1,0.900608981208408,0.9120809803890672,0.893765044987999,0.9115386282495582,5.539331664011115,3.407764971998404,5.563696685003379,171.8293209800031,0.898167628862448,172.7833586599736,0.9073764433185124,72.83473543659784,0.8936998299467489,75.45686512102839
Pulsar-Dataset-HTRU2,0.3,1,0.9073456612373098,0.910232294430182,0.905062151442248,0.9096740006666784,11.887125082012062,7.764034158026334,12.26983544099494,130.8295641989971,0.8926192640934947,131.85033895401284,0.9047877765783391,131.54416240210412,0.903088147392271,131.07404824893456
Pulsar-Dataset-HTRU2,0.4,1,0.9113345269552569,0.9088605510863246,0.9058455342335948,0.9159972942206384,16.432970023985035,5.365139885994722,17.61893578999843,169.42019797199464,0.918237429798096,170.6563080959604,0.9142094988373142,169.54488580615725,0.9136019029979432,169.7666812882817
Pulsar-Dataset-HTRU2,0.5,1,0.9104325673257598,0.9138583521344588,0.915077809109668,0.9155103090199112,18.61621564100642,6.813344063048135,17.882098081012373,241.13404879799052,0.9160447311613404,245.29604282788932,0.9071607181218501,231.97359646952827,0.9133419210646778,242.4377182420867
Pulsar-Dataset-HTRU2,0.7,1,0.9171579874893724,0.9186737713733792,0.920370980382174,0.91648500008944,19.34595069699208,10.549830420000944,25.5578855499989,290.88835937099066,0.9199596018253148,291.57352246600203,0.9183772751507664,268.3981301378517,0.9172660432025795,291.815857243113
Pulsar-Dataset-HTRU2,0.8,1,0.9168872418604752,0.9200028355569652,0.9178653038130156,0.9186257839920968,25.58647282099628,22.632008416985627,25.989870640003573,314.0987631669996,0.9212574249959395,322.1690044690331,0.9172028309405138,291.48527711923816,0.9182465193374698,306.0033075141546
Pulsar-Dataset-HTRU2,0.9,1,0.9163555016091998,0.9177198507434914,0.9178516631543294,0.9179113021678128,26.09605332399224,13.804403062007625,28.7303674479881,363.5520369809965,0.918822665559195,370.7644465829653,0.9190098510037099,347.8149108317739,0.918924175827627,364.05810626019957
letter,0.2,0,0.9829266231885072,0.980667101244004,0.9824692195352076,0.9886850980978286,19.201044572000683,9.369669489999978,26.400533512998663,77.18286870401062,0.971299836551874,77.58070683805272,0.982755464200642,77.68533832297544,0.9833704272456875,78.91471250986797
letter,0.6,0,0.9970896057921386,0.9980806008566742,0.9972454217859384,0.9987573847444544,68.38102888700269,26.027231498999758,69.35981314099627,230.46856926800683,0.9981595044219361,234.5259843650565,0.9957352361730065,231.25661631903495,0.9955166140276309,230.58593078618287
letter,1.0,0,0.9991698478936126,0.9995004447527448,0.9990720639451314,0.9994342115347404,107.20650109199414,47.06319124200036,118.02421288999903,206.1252333250013,0.9992688334168152,206.80694292999976,0.9987175161381033,206.41472620292916,0.9983598452372263,206.653448149038
letter,0.2,1,0.970024341727675,0.9797146048184006,0.967883328096051,0.9791133908369568,24.74330129899681,15.363972296000613,23.07883575899905,75.00592639899696,0.9797146048184006,75.82449712100026,0.9744521786594844,75.82115080492804,0.9775530118857122,75.25060321416822
letter,0.6,1,0.9969095114814164,0.9954072750406288,0.996919432116337,0.9967641883784548,68.58767586899376,26.52997713200148,71.30483199400442,148.09376278899435,0.9953704063116289,150.78411957200137,0.9965471363656984,149.94326394997188,0.9958893119405303,148.20754742485587
letter,1.0,1,0.9964393866386244,0.996214840685193,0.9971020827406264,0.9967920852065668,113.5544195229977,39.29129606100014,119.5242630089906,424.0668907049985,0.9963890325455518,424.4472374369998,0.9967168443924876,424.64143161207903,0.9966813344258888,431.9148235578614
letter,0.1,0,0.9395916005174272,0.9187174512415784,0.9422778032784004,0.9539870043773196,11.608196202010731,1.731144855977618,12.57166135499574,106.80176888100686,0.9403108541252665,106.83608589495998,0.9383625854638379,106.83155843481654,0.9340019885493734,107.33385906013427
letter,0.3,0,0.9924543100330128,0.9873974577990288,0.9892732053674036,0.9961254552212082,36.89221700000781,2.8101888469973346,36.4955160860045,182.7855024159944,0.9937407059336959,200.12740409202524,0.9909179541836496,186.80057607596973,0.9925801751681775,186.7912955781503
letter,0.4,0,0.9930520913396093,0.9963553787952554,0.99278649540278,0.9980134149470674,48.555639747000896,5.832510306994664,51.70908969400807,129.5526596319978,0.9944279235346832,131.1178469659062,0.993597960099925,131.83853758792975,0.9936320215744939,133.10663846792886
letter,0.5,0,0.995876006035746,0.9912598085841158,0.9947959303376448,0.9964819220990846,52.67056010200031,5.8761924450227525,62.25235733201407,119.03239592499447,0.9891591185529032,119.71927407104522,0.9942991446988731,120.0280941730889,0.9947959303376449,122.19126382289687
letter,0.7,0,0.9967320869480256,0.997045441500644,0.9963068561215392,0.9977868052262748,75.9778036879834,20.58875512797385,90.658360634985,302.1881592090067,0.9973933262035766,313.36509834614117,0.9958834457155228,308.92351505093393,0.9958447031045542,302.6276598178083
letter,0.8,0,0.9977206121358904,0.9961468290570874,0.9972724251638182,0.9983445978191556,88.63275469899054,8.951784970995504,99.82642832400416,352.52254948500195,0.9966474276153376,370.22927065502154,0.9965931320800241,356.2239821609692,0.9966991896669737,359.8562379129289
letter,0.9,0,0.9981730360192496,0.9979550796575986,0.9987984481655052,0.9991365429584204,103.46986910998748,15.835559023966198,104.99099612901408,358.3795999110007,0.998480407360424,364.89606505800003,0.9973997749526582,363.31308892773814,0.9988751402230173,360.1682958030433
letter,0.1,1,0.9403361390166974,0.9371116420713635,0.9535473315265108,0.9576232333189796,7.8301732710060605,2.349270257007447,7.456585976000497,46.53707278599904,0.9207061066272226,46.76376078999965,0.9422741895474012,46.5999775363598,0.9480861334318262,46.825412985199364
letter,0.3,1,0.9890231683319936,0.9855888054681842,0.9858914512598476,0.9901873713268672,25.89713104598195,10.885554071996012,23.807091060996758,114.816730423001,0.9881113959303994,115.59705484099845,0.9826310014136076,114.95494711404899,0.988917636660872,115.51680523410323
letter,0.4,1,0.9930324954421288,0.9895593607011092,0.9923155537624128,0.993604625005453,49.39733683498889,17.176467807017616,53.607860859998254,173.6486518959864,0.9902632483529598,174.07256372099914,0.9919425352645578,174.80490666104015,0.9930930568820391,173.7416143938317
letter,0.5,1,0.9935831696068476,0.9921005576382828,0.9942743347383768,0.9958453748231328,38.92419475500356,4.246082560028299,45.47648082301748,193.6424105720071,0.9914581521174805,194.23174348499856,0.9935831696068477,195.0589416960429,0.9941422149797581,196.14101784711238
letter,0.7,1,0.9975786321656144,0.997071783121001,0.9973574372837186,0.997870860340346,55.763558657981775,12.45696523602237,66.9518559019998,161.95588639899506,0.9973985619849098,162.26015845100028,0.9972499789876285,163.7337217790773,0.9948881543543652,161.9613190148957
letter,0.8,1,0.9970516602761806,0.9978025450264268,0.99706206633757,0.997250089389943,82.72988547099521,48.611193742995965,101.17230912301056,232.6108164699981,0.9980674089303857,233.37175579000086,0.996030893749374,233.98957893720944,0.996550125052905,239.08006131884758
letter,0.9,1,0.9972430775568916,0.997678947780542,0.9975134809581596,0.998152526445514,73.97505906000879,16.490059136995114,87.5890998509858,338.26623998100695,0.9982293326191396,338.8729300130035,0.9972701921944286,339.7011721250601,0.9978876257878546,341.30807731705136
mammography,0.2,0,0.654073550096972,0.6611964575794566,0.652402164962463,0.6768663852760479,5.556295773001693,7.389662523999505,5.005402983002568,71.07145843699982,0.6658974623357374,73.6127360870014,0.585585670594643,71.38617547188187,0.6536310040035004,71.37945161384414
mammography,0.6,0,0.7418963330019671,0.7194415247810866,0.74835766191542,0.7478903355377824,17.798669791001885,15.705175312000392,18.01469668800746,90.09666904799816,0.7408777174991532,96.4582340370107,0.705392276840108,90.3343153121532,0.7448630019681055,90.484441427805
mammography,1.0,0,0.7471500662039525,0.7543524175024938,0.7564006054307876,0.7697238956371462,21.30362866400173,21.68062248599836,21.79616196999632,139.97286798700225,0.7598554919157792,140.96300540000084,0.7255657246439883,141.00717977216118,0.7675063650277899,140.93715520505793
mammography,0.2,1,0.4798846489370968,0.6279250468444275,0.5139233159687743,0.673790965509292,4.89719660299852,7.755895190999581,7.374514450999413,80.76748147699982,0.6508117581870116,81.07239310400155,0.5237460648178957,80.94748630211689,0.4565943595415923,81.12521457814728
mammography,0.6,1,0.6869788585243894,0.6335941142043231,0.656681059221401,0.7257484728374263,12.311942078991706,12.855404218999864,14.273216546005642,116.75714871099626,0.6892147339194713,117.02074381100192,0.6614203236206269,117.24367526103742,0.6755473394567667,116.78639411029872
mammography,1.0,1,0.7007077342599105,0.7410648212211857,0.732924228915568,0.7513324610320637,22.626779335005267,20.439323802000217,25.62479854499179,132.80846085799567,0.7477450475346202,132.84422709800674,0.6976710966195192,133.09205995727098,0.7291357529425185,133.16518192217336
mammography,0.1,0,0.4516317054054209,0.546159489750384,0.4667140722189292,0.5583131273935491,2.05823287601379,1.6500035289936932,2.4611201559746405,46.63399928199942,0.546159489750384,47.61264310707338,0.4655489901846122,46.63893446786096,0.494253366787896,46.71706676512258
mammography,0.3,0,0.6588263928824609,0.640389657817724,0.6682168612535109,0.6788436315981954,6.369642138008203,3.3820690120046493,8.294859080015158,76.8630531480012,0.6420697889267526,79.81194317591144,0.6174292723250636,77.15357375904568,0.6841154294597868,76.95887700704043
mammography,0.4,0,0.6334398505809812,0.6927371493483401,0.6319188475995979,0.7099242256259384,7.851246216998334,3.5223803379922174,10.97591532500519,49.77740102399548,0.6807198162339572,49.952705193078145,0.6334398505809812,49.86060666581034,0.6387589422023999,49.79128607513849
mammography,0.5,0,0.7237292364951761,0.723165725712158,0.7407689162735068,0.7401424440604523,11.2744521870045,4.100858833975508,12.249395570026536,146.58320784498935,0.7274579587136292,378.66782763504307,0.715706215435047,147.3349027952645,0.7337674152242551,146.89514558628434
mammography,0.7,0,0.7319273783899107,0.7356005366459111,0.7520455868079342,0.7623756416231363,17.297548052047205,10.46803217100387,16.238920434989268,116.58645893599896,0.7327858534064043,118.22506982100322,0.7652195262670031,117.1235745359445,0.7181903905015932,117.09752382407896
mammography,0.8,0,0.7515930413818717,0.7459589355841616,0.7597622538397476,0.770922309783144,17.74819800099249,8.656805657024961,22.232343408000816,128.8684083650005,0.7679264070147237,129.78501350100032,0.7605037596289584,129.72445735512883,0.7538684900159941,128.9020020578464
mammography,0.9,0,0.7619820011622747,0.7452262767792398,0.7564055400944845,0.7592475318910619,17.82245158202568,20.80811179697048,20.880533924981137,146.2923973529978,0.7498060030768655,146.33709767299888,0.7594783923731561,147.13589351295377,0.7564055400944845,146.90946883981815
mammography,0.1,1,0.529071090984172,0.5577140646924168,0.4767686398002559,0.6362234572537937,2.4656040370391565,1.727447116994881,1.9847321950655896,34.06135210899811,0.4705729473937936,34.183433361999505,0.5002280178419404,34.14766835432965,0.5283655432678773,34.13223585113883
mammography,0.3,1,0.5470487239017862,0.5354565025524761,0.5845045901721821,0.6903470381478469,5.635861735943763,2.80164576403331,8.330089803013834,60.02596146699216,0.6007023336575339,60.27031446500041,0.5052881167221326,60.07340631604893,0.5868389517819486,60.0489798921044
mammography,0.4,1,0.6686639398070469,0.6845268458930606,0.6461499855570122,0.7166653224485817,11.689451922000444,3.0738654710148694,11.591915872002572,75.63482293400739,0.6731500830098235,76.01514797599793,0.6771133243272479,76.07216669199988,0.6246165203214747,76.24420726194512
mammography,0.5,1,0.6943237398414238,0.705140208408065,0.6720418318763999,0.7150452378035657,7.57741418594378,4.745472875991254,13.540061083025648,94.9297619239951,0.701801635668085,95.86904498700187,0.6564791121464408,95.14321174111683,0.6344857816844728,95.10456824701396
mammography,0.7,1,0.697688908066054,0.7151060370707889,0.69590510047735,0.7385186540908777,14.321968844058574,7.46306066600664,15.952817350029363,99.2655908930028,0.7065700223721675,99.3219898829966,0.697688908066054,99.853390400036,0.6973644968085716,99.60765522503061
mammography,0.8,1,0.7378840285957184,0.7058268829094753,0.7206842136667391,0.7630395243677147,18.155335845982336,9.264289809958427,19.10838050700113,120.29154903099698,0.6949568391398863,120.78362484100307,0.7145196717031906,120.35735962103354,0.7388420601492285,120.33952007186599
mammography,0.9,1,0.735482613523693,0.7448713920537897,0.7208357382770663,0.7633065412028607,17.191468726014136,6.90283316699788,16.723969098988164,169.29493968299357,0.7438391923315018,170.01003365000088,0.7399449850905566,170.19524302496575,0.7395797264343681,169.44660868679057
satimage,0.2,0,0.6742680679106264,0.7089746431707924,0.6821248454413077,0.7025714781113652,16.517752714999006,9.611234785002123,17.905366906985364,158.40814679100004,0.6910418357193157,159.00737991611823,0.6620423624392774,158.42935526871588,0.6902483846367631,158.5775125057844
satimage,0.6,0,0.7911774459311005,0.7753285813491212,0.78929211536029,0.8103558571552623,45.68288136000774,20.401692583999647,60.08527136199518,118.30671239999356,0.7822012686505497,118.51272012299985,0.8001243321678163,119.64422990579624,0.78929211536029,118.33911480402458
satimage,1.0,0,0.8473638613547032,0.81364057661778,0.8473183197958939,0.8382401668340761,95.64218167700892,30.238795639001182,117.8370566620124,178.7662832210044,0.8140097518171104,180.49571146600033,0.8390533962680541,184.34427684391267,0.8513773378857185,179.22885802501696
satimage,0.2,1,0.6951847389236825,0.6613860937375291,0.6939251299337161,0.7341729014896347,10.891165626997465,7.195154978999199,19.86467675899803,56.66742240000167,0.6818314915328875,56.76231777299881,0.7156795138356243,56.99928765025106,0.6967061340438393,57.12221232490265
satimage,0.6,1,0.7813755722107361,0.7911724544169516,0.7729599903505219,0.7868465748781093,51.93779840799471,14.538974558001428,51.63157336200493,249.30639932499616,0.7839793781413346,250.17547000500144,0.7946376881787055,249.79037217487348,0.784084549188038,249.66488842002582
satimage,1.0,1,0.8298972211679313,0.7970646225155595,0.8352643809126024,0.8197031016016715,78.44481882998298,20.19408570699943,89.71431537700846,173.88644423699589,0.8128827574723481,173.92898890400056,0.8151917324521711,175.01304884298588,0.8316690563558115,180.00773382102489
satimage,0.1,0,0.6249214674299558,0.6216661216608016,0.6134508925886372,0.6292420416778298,4.933050364994415,9.603449287009424,5.1414865009937785,66.46993114199722,0.6170976456859893,113.60772637696937,0.5958274033285913,66.5581076546514,0.5980351476701928,66.64569748489885
satimage,0.3,0,0.7268748407140986,0.7354690487979167,0.74283501242127,0.7493440171073814,16.37040989000161,2.8790157890325645,28.30162807898523,178.22574497600726,0.738402926265166,178.4377592970268,0.7281218198276636,178.44909033706062,0.7213334756435978,179.31173493998358
satimage,0.4,0,0.7401628970216382,0.7727504086905496,0.7682560849456626,0.7874370453449411,31.41970203699202,24.93970662602805,38.38339486400582,180.66994917599368,0.7781257269565317,331.08517686711275,0.7313228152620856,180.8173622081522,0.7610647852518816,180.85153603515937
satimage,0.5,0,0.7643826989905687,0.7515734570999196,0.769712314904773,0.8034658763559431,36.51524877197153,4.046558953006752,51.34266100301829,111.66837200699956,0.7695043551580844,112.35293095902307,0.7736708096552102,111.67904716721387,0.7617269514490953,113.25665495501016
satimage,0.7,0,0.8317087777547267,0.8089634917587643,0.8283609927616165,0.8270518885186618,57.43408900798022,4.883290384997963,62.22122964400842,139.10710285299865,0.8070333381041178,140.7742997749998,0.8027619601487401,143.61704082900542,0.8184311221605767,140.00078558712266
satimage,0.8,0,0.8395177966371408,0.8157255780668409,0.8243569632427513,0.8310970906918342,108.21285278900724,44.70089545301744,112.798557204007,172.20125478999398,0.8232820184942101,172.6586250609999,0.8348591531324703,175.69802482714294,0.821709123697623,172.33378509792965
satimage,0.9,0,0.8368509973805933,0.8185904818487824,0.8482162445075826,0.8376856360869877,76.25838683002439,18.15026677098649,86.20602885001426,179.8287985230127,0.8185833671083744,181.18379770800038,0.8368436338004809,179.91693061596015,0.8321835626558124,181.31827429492841
satimage,0.1,1,0.6063901518225068,0.6806911000474799,0.6065053224051732,0.6778068147229122,3.2543820010105264,4.612551301994245,4.107754843007569,44.48454117200163,0.6751419713427058,44.54858785300189,0.5439398265950999,44.571080087916926,0.5484228452497165,44.55632228212198
satimage,0.3,1,0.7337275208818065,0.7055266551265599,0.7461032224782395,0.7687402850691474,13.97708967098879,8.04452512600983,18.755606568018266,125.03989844900208,0.7048980527964072,125.14121097199882,0.7583217874887933,125.08737239713082,0.748488388846527,125.63279283195152
satimage,0.4,1,0.7507340004013441,0.7606966855842029,0.7560326944460437,0.7754400191473838,22.540546337006163,4.415778242007946,38.35919186100728,80.59023521900235,0.7620346775711027,82.44692586300039,0.7748768467726803,81.32792989604059,0.7648137690150612,81.10405243598507
satimage,0.5,1,0.7494718146382044,0.7616119294721453,0.75216958202423,0.7796642520128602,40.21607942399351,4.969816065015039,38.425856819008914,172.73482882299868,0.7657072171615218,173.02830114900075,0.7842396468344113,172.7566430280276,0.7832671255084398,172.75206084523234
satimage,0.7,1,0.7896815190472849,0.7886585171110245,0.7857403462515163,0.8011632608409086,44.78919256500376,8.729070216970285,53.75330319100976,188.20031702399135,0.7859331856471422,190.5423457720026,0.7896815190472849,189.1645509999944,0.7839074640455691,189.7749776621058
satimage,0.8,1,0.8017504763019837,0.7867230935747723,0.8094060120473494,0.8163584564048443,76.16057668699978,7.897855382965645,76.39732749499854,242.47234152299643,0.7986860179200788,244.03075246900244,0.8149673862906723,244.67928319404018,0.8042324421099845,244.01753198192455
satimage,0.9,1,0.8109093333100671,0.8042207686877778,0.8204563266331846,0.8115043234295182,72.29275453702576,19.094236452016048,90.2906570570085,188.5405769869976,0.805224532557988,189.47101938500373,0.8043331761137746,189.46286561604938,0.8270016677684601,189.75910338698304
jm1,0.2,0,0.4122437984539965,0.3944595464768875,0.4115169574442965,0.4180007021559997,9.143106478000846,22.39843070200004,13.171418008008914,64.25697469100123,0.3908624021878052,64.8818597010104,0.39561475762494724,64.69821263494669,0.4224636846580845,64.65318375383504
jm1,0.6,0,0.4329173699576042,0.4523685013318325,0.4414237455812141,0.4609536424315201,29.218305518006677,45.77064022400009,25.080887827993138,130.22952305800573,0.44661222205840656,132.2563262640324,0.43291736995760427,130.74707065397524,0.432145359884131,130.84918357100105
jm1,1.0,0,0.4392545795945251,0.4594454039446935,0.4279905826252235,0.4789018063621356,35.1279580730079,48.66653876300052,39.93081579600948,586.3846928310086,0.46667712222018165,594.7658904790296,0.4158955777213588,587.0051964839222,0.4530367891417628,590.1060727360891
jm1,0.2,1,0.3642011426310101,0.3879200846640609,0.3509221076253657,0.3722864708193826,14.448328863003551,21.13636118400018,16.69008825000128,241.31657424099103,0.38353428971440695,241.48141082405346,0.3699936761014313,245.67253484087996,0.3567713412710074,241.5363439497596
jm1,0.6,1,0.3873117179893412,0.3980881139124389,0.3932093298748751,0.4120501720086417,23.49151996099863,27.34239413000023,27.149554251000158,197.40177773000323,0.39929071842019037,198.59205601687427,0.39933981167988053,198.6290152380534,0.3848180384563613,198.28436702195904
jm1,1.0,1,0.3954100785949529,0.4271499840067346,0.4164187084837514,0.4349378643783961,38.43690768299712,62.9812316929997,43.827461400000175,306.7051664900064,0.42350398504979536,307.60885071690427,0.4164001401239328,312.3180979510071,0.4147797987385393,308.7434432260634
jm1,0.1,0,0.3780944834118755,0.3732334288030282,0.3872913898053805,0.3997680243573441,5.8795409870108415,3.942172308990848,5.754554870007269,34.99259729500045,0.37288492050387956,35.46637188998284,0.35638548999801645,35.08475486698444,0.3909493595655982,35.44277476903517
jm1,0.3,0,0.4247012635026219,0.4367500534175698,0.4204064684258856,0.4396487785934465,12.093723308007611,7.258114322990877,11.895975171995817,43.202673106992734,0.4336912244866719,45.311939090985106,0.41686532411445065,43.39029885389027,0.42765947729666726,43.383658461039886
jm1,0.4,0,0.4273620516823627,0.4420957149094062,0.4370976867236259,0.4461094468938413,18.36201139500008,5.853883190007764,19.08152946598966,66.46880496900121,0.4344407841430167,66.49311115898308,0.43216520766320043,66.70160571488668,0.4276802416755692,67.71535981088527
jm1,0.5,0,0.4375439629097278,0.4482369544689051,0.4267882655265874,0.4684009419540224,20.932349094975507,10.15920280899445,20.443521367997164,117.16414378599438,0.4456454095168655,119.303385214007,0.4362258842900649,118.33809803402983,0.42678826552658744,119.74156910003512
jm1,0.7,0,0.4319235794262083,0.4557783053915476,0.4447836380921702,0.4697676263060223,21.726487613017525,11.186224054996272,24.05352872599906,314.63897250000446,0.44960673517874256,315.8117943657562,0.4317487874384204,315.3821611258318,0.44478363809217025,315.8197676692216
jm1,0.8,0,0.435084916390135,0.4529830299080472,0.4399354974370403,0.4627978359019261,37.7949051809992,20.702893499008496,33.29477566601054,295.32056517399906,0.4477933989068944,295.77423507525236,0.4360142520232725,306.3778856100689,0.44650104909210364,296.63241387490416
jm1,0.9,0,0.440121164643933,0.4663431670061857,0.4386666827286846,0.4733316992384617,26.357368969001985,23.05843231099425,29.198257421980088,315.3929034090106,0.4646665071710583,316.8339907648624,0.4325305595439294,315.9789631936874,0.42517714889060265,315.48878744782996
jm1,0.1,1,0.3264370982157783,0.2776496856237704,0.3351851911660665,0.3763612061990501,5.944974185014871,3.208663690995309,7.64445111902387,97.48913552399608,0.3313975652628081,98.81244370216154,0.3458510813350826,97.6820338590478,0.35346138808249533,97.88811281704693
jm1,0.3,1,0.377597423968868,0.3700009857088256,0.3804113034865343,0.3825173112158982,13.380003618018236,4.976870509999571,16.943544546003977,208.5430839670007,0.37199556850119797,211.78094314597547,0.37240887078849355,209.27788384075393,0.37531314004304533,208.95970577807748
jm1,0.4,1,0.3792602630859361,0.3506474490200594,0.3828392606973205,0.3990472646408322,26.493925725002555,8.082121988001745,24.889085495009567,166.1983504749951,0.3783953867212041,166.6769882629451,0.36272155656550775,166.7403810590913,0.38010746296446934,167.4370685707545
jm1,0.5,1,0.3776715434511258,0.4048534925151373,0.3873668500022286,0.4094969274733226,21.044736656982423,8.40618647498195,23.91789074699045,161.28516307899554,0.3873958518245716,161.49065861399868,0.37766686626425183,162.2585546701157,0.3833705321166587,161.6999935178901
jm1,0.7,1,0.4035256836906249,0.4117402279111494,0.4047777575087093,0.4183476492347793,24.07871956400413,14.084241311997175,27.6017014889876,258.7762437259953,0.40773620415457545,263.09674796194304,0.39854087821355044,260.0754819290887,0.3996708246289339,259.91662020006333
jm1,0.8,1,0.4074955071526787,0.4177281903142755,0.398941687863279,0.4275774372715042,30.10214725599326,13.190801826043751,39.90189273298711,293.8833062880003,0.41514117811859796,294.965544565086,0.40719863515921956,297.21949673013296,0.41062505590676923,293.8917413658346
jm1,0.9,1,0.4054920656945538,0.4207510876887405,0.4058005139349309,0.4325124384142989,28.52913622701089,26.070386704959677,30.861917466994782,288.47262508099084,0.42541709662283256,288.800618025125,0.41076944297516027,288.6929198789003,0.4147912945043094,289.4438354932063
rl,0.2,0,0.3578914137350771,0.3549635055879233,0.3673918975599736,0.3711170463224778,24.36931710200952,17.11907832700126,27.952212000021973,128.5080489039974,0.36227264729295505,129.19373163000006,0.37131827384377,128.58294769597705,0.3578382328943719,128.6005685699056
rl,0.6,0,0.4788842088139268,0.4074671856760783,0.4842361911880856,0.4601727966146036,94.12050675999126,59.059280530999786,92.479405725986,531.4424357870012,0.41859328312274335,533.562065906001,0.4860834809016999,533.8073493430275,0.49040007125559487,534.8620488199522
rl,1.0,0,0.525674868084502,0.4762595653687764,0.535529914435136,0.5232450634925214,146.9167576439977,99.1459229860002,165.90960258099585,259.5697615440004,0.4841471274493785,262.24011772999984,0.5431059573705233,260.1880062709679,0.535529914435136,261.20393362402683
rl,0.2,1,0.3567754019337318,0.3423858271396438,0.3549137970249256,0.3487754605009052,20.93183313201007,18.76790154900118,28.89074102599625,49.54414111400547,0.3449919892031298,50.54926177300058,0.36893428010690077,50.34697434309055,0.36028959636874897,50.41232396400301
rl,0.6,1,0.4949804255756404,0.4520613060375403,0.4766108007480583,0.4858235494516686,79.03178775899141,54.1621680749995,88.49413021701184,145.00192689700634,0.45712747501628553,149.5487496359965,0.5049175265302626,149.82034723294782,0.4751201036564813,149.39206754183397
rl,1.0,1,0.5338669933787318,0.4676992194747625,0.5321985334723718,0.5174136194540421,123.04203897999832,90.82965296600196,136.00773694699092,181.27971601900936,0.4755657988071714,184.41522651800096,0.5573657812265507,187.13195497295237,0.5579366964531587,192.2048032709281
rl,0.1,0,0.3205100037544615,0.3133419080050266,0.3036864116072805,0.3021151741069946,9.477781432964548,6.247761296006502,12.510394705008366,99.875812940998,0.30922461324595785,100.84322959800011,0.32079338099869537,99.89796064718394,0.2799942511732305,100.0555564010574
rl,0.3,0,0.3886959632025455,0.3575223367738677,0.3993460450780937,0.3980508756641111,44.3386854580167,19.556893806002336,40.012258571980055,211.6969306319952,0.3572856784027485,213.00437428799978,0.39046216738594075,212.26655105990358,0.39934604507809374,217.71189315704396
rl,0.4,0,0.3993391150849105,0.4007018940551493,0.4468862115551472,0.4170131818962204,51.828325129001314,16.85087869898416,55.38075374399705,328.82791037499555,0.39581588997431694,330.67805308899926,0.42881376654243397,328.88740531992516,0.42948559328639135,330.1546769652632
rl,0.5,0,0.4503466271372623,0.431904254265896,0.4676535074116695,0.4532273982116324,56.78609485906054,21.03328849999525,66.84074891696218,514.26179013199,0.41883767668696875,520.0526343090014,0.4503466271372623,526.000490345119,0.46758806552089516,527.9692347691744
rl,0.7,0,0.4896128694140269,0.4330183452486907,0.5004755496982518,0.4669754027073541,88.87965660302143,34.20290959297563,86.12216407399683,612.2335967870022,0.44248051946064304,621.4988724690033,0.5031182493672247,615.8510339029599,0.4997492429803614,620.2727618756471
rl,0.8,0,0.5190834908946836,0.446496307842455,0.5189105610428111,0.4879266114307264,108.21415546002028,37.22936004197982,119.20923108997158,415.0189542299922,0.45656747758860483,423.7480554200015,0.5190834908946836,416.36023263196694,0.49732984013932124,417.64166569220833
rl,0.9,0,0.535124387206164,0.4881415749821184,0.5346573751403807,0.4922414984756303,118.5748900290273,32.5189466909942,124.38494743200864,245.1135178609984,0.4842701737100931,245.67684265900016,0.5218911499396063,253.9594331260014,0.5346573751403807,258.1321116698382
rl,0.1,1,0.2980102138376249,0.2548373405050929,0.2958651410697489,0.2831893609805465,10.613741032007963,9.37399475001439,16.985597849015903,47.52925046600285,0.251529155470355,47.6672856879959,0.32420707350215194,47.795555732096545,0.2730922894810133,49.255248316942016
rl,0.3,1,0.4154989119607655,0.378898070417473,0.4168189000797693,0.3781033825471585,33.55668263500411,7.155320009012939,35.96173913602252,78.87440171498747,0.37889807041747303,80.90394730300068,0.40812634630181494,80.2470274688967,0.4082683626376937,80.17642125187558
rl,0.4,1,0.4277990546655758,0.3529723722285281,0.4400411442174247,0.4082514597926257,57.14848714697291,11.129023187982966,54.079314815000544,110.64993077500549,0.3680856795768183,112.09297074600454,0.4513478013403588,111.92162950796774,0.4300157889782097,112.05427667609183
rl,0.5,1,0.4692779555945223,0.4176058534099366,0.4682126611581911,0.4329677409481844,67.91640735999681,13.460059114993784,66.77407697896706,111.1158217300108,0.4170982284646786,112.93996743799835,0.47570394255108245,114.80467177522951,0.4668662747084923,111.41072185302619
rl,0.7,1,0.5065789709189662,0.4447415064465577,0.5069151204494502,0.4640201750297725,88.07438917300897,19.894454173962004,80.62643888700404,195.51221928800803,0.4511220382586621,199.83605829099815,0.5091976572641423,197.27491775198723,0.50844295050518,199.4474632620113
rl,0.8,1,0.5140316924838936,0.4345707206360981,0.5140316924838936,0.4777515147260157,100.32562981302544,19.9560715789994,101.55042011099796,243.4537637850008,0.44838578164173637,248.59488473999772,0.5221122183201962,243.91808191000018,0.5227411720227764,245.8004628639901
rl,0.9,1,0.5171317525286897,0.4542010791100674,0.519009052757094,0.5084297346990079,100.97364938899408,26.72339649897185,105.68180920297893,237.169917059,0.4525731590360874,238.086190549001,0.548518188445205,242.1752746088605,0.5481397072548393,237.2021374599717
Bank_marketing_data_set_UCI,0.2,0,0.5825293945265115,0.5884976220551995,0.594081796304282,0.6123911475609474,17.24537236602191,29.397610214,18.73623595799654,82.31055576799554,0.5840833310023978,83.46018124109833,0.602232239747182,83.53184632299235,0.5944700608303354,84.07832957187202
Bank_marketing_data_set_UCI,0.6,0,0.6252977829786115,0.6249093208445592,0.6308698855579532,0.6326903004083243,44.20852700199976,40.47423667300018,49.97830202099794,442.0656052080012,0.6274639631645643,447.0946123350004,0.6271792024504783,445.05020316306036,0.6276520731319242,444.52981801418355
Bank_marketing_data_set_UCI,1.0,0,0.636058716944483,0.6366714121343304,0.6417581398231169,0.6404325653678002,72.19529140801387,78.69175774099995,98.33020727300756,612.1902446909953,0.639516547164565,621.0723288910522,0.6439119587175455,614.2075275060779,0.6379257011544425,626.086859974952
Bank_marketing_data_set_UCI,0.2,1,0.5851149375235017,0.5715217195146357,0.588329275724708,0.5818089639849172,21.32428822599832,23.815134403999764,23.387394828987453,150.02444177199504,0.5670804703327572,151.28921965585323,0.581979055115679,150.22254296691972,0.588329275724708,150.2153388830775
Bank_marketing_data_set_UCI,0.6,1,0.6133955306726518,0.6191746858611691,0.6156590222509106,0.631033973185426,41.49602340400088,44.27097554300053,50.37190656700113,402.46569052700943,0.6233385131182723,407.504609630967,0.6112464188548231,409.89222619094653,0.6156761605448431,402.55589862391935
Bank_marketing_data_set_UCI,1.0,1,0.6313484605090264,0.6417766204145331,0.6311538219086162,0.6383937202643698,68.8417731479858,94.4571139870004,75.96104275999824,538.736170750999,0.6379534035775971,539.2079345939965,0.6290246700977727,544.4489370700612,0.6311538219086162,538.7751690020668
Bank_marketing_data_set_UCI,0.1,0,0.5681658895124642,0.5543999854587095,0.5763594705467519,0.5801561904665229,9.4076756969298,6.155821781998384,9.123952531001123,38.37503478898725,0.559460456712917,39.89728527187253,0.5609208732333537,38.757449972152244,0.5748282469584306,38.837337381002726
Bank_marketing_data_set_UCI,0.3,0,0.6151248945628716,0.6218294597962717,0.6136335854375183,0.6219791910500876,18.52395926801546,7.58474300900707,21.7892106520012,71.27283267299936,0.6193145440564912,73.50491965113906,0.6145935517186603,71.80751908107777,0.6181175502154649,72.01177019777242
Bank_marketing_data_set_UCI,0.4,0,0.6332955149996465,0.6119419932721374,0.63064767833561,0.6271929645552151,34.04913700000907,10.64204412601248,37.88689289499234,120.98902724198706,0.6273956777315189,123.99359344391269,0.6115075524188405,124.7830021410191,0.6254806764146253,127.679767677997
Bank_marketing_data_set_UCI,0.5,0,0.6257701347987827,0.6234394053363603,0.6326976628865592,0.6320572353415765,34.069868329010205,22.22747909302416,34.7225095720496,195.82152946399583,0.6270223376745213,196.80466887695366,0.6295831114348965,199.69425901703653,0.6325445420371713,197.36452813801588
Bank_marketing_data_set_UCI,0.7,0,0.6423833236862935,0.6287051172465437,0.633116822006631,0.6368015649905334,41.359150075993966,32.23894548001408,52.54453564301366,410.3550795159972,0.6260861968532438,413.2374158600869,0.6423833236862935,412.30947880618623,0.6408693971449317,412.31084763185936
Bank_marketing_data_set_UCI,0.8,0,0.6363135142112041,0.6430437428231717,0.6448200991877066,0.6396318989412497,69.64483101697988,17.441130794992205,79.98529168002642,885.3718615690013,0.6385372783875424,886.5545633367437,0.6335609153442142,888.898541501083,0.6448200991877066,896.4371765278629
Bank_marketing_data_set_UCI,0.9,0,0.6413627019797725,0.6316315456453117,0.6323192841481485,0.6415175438541522,60.472786621969135,23.78838143097528,76.1401345510094,561.9309551920014,0.6335911384183778,569.2588489980844,0.6437144421904585,570.2808236630517,0.6355916678802258,563.5869659219461
Bank_marketing_data_set_UCI,0.1,1,0.5682789678971948,0.5307666989868909,0.5475769411147604,0.5268905250920819,11.520407231022546,5.106763107993174,12.1755311329689,108.21839952499433,0.4893112640786779,108.6110714460956,0.5596289759292572,109.62792764406186,0.5623233218241547,109.71113209903706
Bank_marketing_data_set_UCI,0.3,1,0.6074819375556223,0.5914666670200894,0.6021970979601227,0.6008478668682017,31.889864506018057,13.376128804986363,25.47970202100987,203.20531013800064,0.591144518711353,209.6319582320575,0.6047890918141718,204.8666833070456,0.5990017985305761,208.69473063308396
Bank_marketing_data_set_UCI,0.4,1,0.6077982721649635,0.6060136323312756,0.6109802405079976,0.6134737244923986,29.935044856996683,9.01431190999574,32.518532296977355,263.41394305099675,0.6084527637591634,264.329539828148,0.5992137678843525,266.1287584940437,0.6137738720605073,264.03394275699975
Bank_marketing_data_set_UCI,0.5,1,0.6085483115684719,0.6110629733155062,0.6041700323997592,0.627833035370743,32.90690583896503,45.31070402900514,38.1284565479873,628.1222510410007,0.6222377537070748,630.8944114251644,0.5964252565005295,629.1342011399101,0.6041700323997592,630.9298671588767
Bank_marketing_data_set_UCI,0.7,1,0.6213026985739472,0.6278615411194447,0.6193237833727775,0.6318135063923641,43.20885292995808,13.91482198398444,54.89831472902733,449.212962339996,0.6119820284656924,470.42794179712655,0.6019095948178674,453.2483848158445,0.6193237833727775,451.0642935419746
Bank_marketing_data_set_UCI,0.8,1,0.6205136749604196,0.6223882722701498,0.6221141345315995,0.6384411907317668,47.76259886398475,33.886134587985,61.33146385101645,473.0799970799999,0.6238630215993761,474.1621852900007,0.6099548006000102,476.03193746408215,0.6221723788334497,475.17363935886533
Bank_marketing_data_set_UCI,0.9,1,0.6280045165127972,0.6383237670725187,0.6333421220578362,0.638283708237195,49.7637837830116,24.34683570095513,84.0406974279831,510.3250646629895,0.6373475263572491,512.6838299130063,0.6242366234590168,513.4781969439646,0.6289908967071585,513.4349310719408
