dataset,frac,seed,ref_ap,ref_time,ens_final_test,ens_final_val,single_final_test,single_best_name,ens_total_time,t_beat_ref,beat_ref,beat_in_less_time
online_shoppers_intention,0.2,0,0.7335897088714853,11.548939960002826,0.7161893690997952,0.7460653414476079,0.7269366475171972,catboost,20.415600809000352,,False,False
online_shoppers_intention,0.6,0,0.7501441738766993,29.33033099899876,0.7369653969061986,0.7444905202036644,0.7382589469514366,hgb,30.24954498199986,,False,False
online_shoppers_intention,1.0,0,0.7673054214073718,49.972084630995596,0.7616422656297754,0.7497097987140154,0.7586216177982255,hgb,41.168997496999964,,False,False
online_shoppers_intention,0.2,1,0.7105176995069613,11.254837256004976,0.713297815714711,0.6945017631240076,0.713297815714711,catboost,16.492047760999867,6.47086687799947,True,True
online_shoppers_intention,0.6,1,0.7342459842724729,46.622996596999656,0.73843398214104,0.7502922305101282,0.7352356226327639,hgb,31.844645431000117,3.8200014230001216,True,True
online_shoppers_intention,1.0,1,0.7401062690957931,45.12864817398986,0.734391505290591,0.7331205609403117,0.7301535794736399,hgb,59.43822521300035,,False,False
online_shoppers_intention,0.1,0,0.7036419289139033,4.801972897010273,0.6642374052561024,0.8477515120228137,0.6920352178465058,catboost,3.132849759029341,,False,False
online_shoppers_intention,0.3,0,0.7288994391343855,17.09473015599724,0.7209216659206389,0.7535186654311549,0.729575078788368,hgb,6.920379704984953,,False,False
online_shoppers_intention,0.4,0,0.7583937440388177,25.109812540995335,0.7376084781677908,0.7949440892040389,0.7194497623789693,rf,5.310391218983568,,False,False
online_shoppers_intention,0.5,0,0.75038821293147,31.437753048976447,0.7393603881646089,0.7720550503303293,0.7378538234477559,catboost,6.533740388971637,,False,False
online_shoppers_intention,0.7,0,0.7520750693231091,31.994195074985328,0.735278228656047,0.7572699731031453,0.7337943571208997,hgb,12.225607439992018,,False,False
online_shoppers_intention,0.8,0,0.7496190411273482,41.46973739198438,0.7524557323538086,0.7572207958644713,0.7550505245876705,hgb,25.342733819008572,16.853409963019658,True,True
online_shoppers_intention,0.9,0,0.7591193757851358,40.32089167198501,0.752236977233899,0.7346029461460859,0.7433440034509147,hgb,21.18478497097385,,False,False
online_shoppers_intention,0.1,1,0.7092105701006862,4.624078415006807,0.7158198498174769,0.7421799342934563,0.7117241781961322,hgb,3.484017226001015,1.7798868289974052,True,True
online_shoppers_intention,0.3,1,0.7342737367466875,15.134506668004178,0.7245777637102374,0.6652689515049119,0.7114462642187701,catboost,4.427809694985626,,False,False
online_shoppers_intention,0.4,1,0.7398062582763136,25.899413193992586,0.7225297702921655,0.766910369100517,0.7225297702921655,hgb,8.422879826975986,,False,False
online_shoppers_intention,0.5,1,0.7427651830604431,21.50122959598957,0.7297739836503188,0.7368277925361622,0.7297739836503188,hgb,6.698897270005546,,False,False
online_shoppers_intention,0.7,1,0.7440855640097049,28.881094806012698,0.7369340293973917,0.7633922486373648,0.7291597340574031,hgb,8.296214019996114,,False,False
online_shoppers_intention,0.8,1,0.7469175836012213,33.881291523985055,0.7390339793673928,0.7831988028693915,0.7327481538690332,hgb,16.637813484980143,,False,False
online_shoppers_intention,0.9,1,0.7468921383470373,38.497349609988305,0.7467364139957553,0.7409091311725756,0.7395893525603894,hgb,18.610384207975585,,False,False
coil_2000,0.2,0,0.1248522731610276,20.578929874001915,0.11684477783448674,0.2351730244605015,0.12055795705145583,knn,8.878040257001885,0.1463259640004253,False,True
coil_2000,0.6,0,0.18948611686348488,37.0245800199973,0.15731382698832352,0.16912656094569795,0.15453943314735696,logreg,15.530209327000193,,False,False
coil_2000,1.0,0,0.18221341467238364,43.49480091199621,0.15384851292188256,0.16531502308063883,0.15384851292188256,hgb,31.344958386001053,,False,False
coil_2000,0.2,1,0.1574815212490181,24.569184763009616,0.1488285819062834,0.24415264995690306,0.14312914992051706,lgbm,10.396132290999049,,False,False
coil_2000,0.6,1,0.16232308732288128,32.27612006599156,0.1334331509278317,0.14620415421756858,0.1282467650262541,lgbm,18.90661240100053,,False,False
coil_2000,1.0,1,0.18437493127242557,47.398435920997144,0.18597825893379671,0.20350781970023532,0.16911808227621578,logreg,24.8800300970006,24.8800300970006,True,True
coil_2000,0.1,0,0.11431125627950288,5.939028757020424,0.09405604868507983,0.3616190476190476,0.15755181010087524,catboost,3.1716816360130906,2.3443309090071125,False,True
coil_2000,0.3,0,0.15835123482665472,24.906111629024963,0.1623180421592503,0.26755057495070644,0.1298490792748281,logreg,6.624298202004866,1.5132771829958074,True,True
coil_2000,0.4,0,0.18199139094090855,22.879224711996358,0.15580819455798264,0.1483397501021624,0.15360801892541692,hgb,4.415740173004451,,False,False
coil_2000,0.5,0,0.17741521701105906,26.258073522974883,0.15118326045927935,0.1758690078082788,0.15118326045927935,logreg,10.335960430995328,,False,False
coil_2000,0.7,0,0.1678438130321846,32.994940331002,0.18958399609273946,0.14665950520425,0.13599921805488188,rf,8.076948843969149,1.7067107829789165,True,True
coil_2000,0.8,0,0.1593971014185929,39.03794385299625,0.16931011093907708,0.13048238930664344,0.13899565717420906,hgb,13.248052523005754,2.3023117060074583,True,True
coil_2000,0.9,0,0.19354883728172836,42.022348796992446,0.1708375384702694,0.19561628083265278,0.17882392041128442,hgb,10.8451568550081,,False,False
coil_2000,0.1,1,0.1254013411007084,4.576399414007028,0.12166224584517969,0.29047631847976674,0.12681288157789247,hgb,9.92717774301127,,False,False
coil_2000,0.3,1,0.1613250465945515,23.00178775198947,0.10915757151663105,0.11386586729905356,0.10915757151663105,logreg,3.956635952970828,,False,False
coil_2000,0.4,1,0.12823545547865595,17.087574967003093,0.12167288094511874,0.21604702930116065,0.12561321780445442,logreg,5.466669622983318,,False,False
coil_2000,0.5,1,0.1648249261933909,30.56826990997797,0.12108126746265281,0.13454662824798666,0.12108126746265281,logreg,8.147606866972637,,False,False
coil_2000,0.7,1,0.1540037854016296,34.26796289100457,0.16925223622066063,0.14482453609220614,0.15651364345027569,logreg,8.542860488974839,0.6427236529998481,True,True
coil_2000,0.8,1,0.18981769282466004,53.44255152400547,0.16610911751837332,0.16121841313281207,0.15503988380066286,hgb,8.226211950997822,,False,False
coil_2000,0.9,1,0.18090663772034196,41.71566290400369,0.18173970132676248,0.19785467949560337,0.15721223715186233,logreg,16.221383757991134,15.354732646985212,True,True
Give-Me-Some-Credit-Sampled-Preprocessed,0.2,0,0.35180971955750845,10.62405340400801,0.3170313087222479,0.3550830685566731,0.3215400486099339,rf,12.636298539999189,,False,False
Give-Me-Some-Credit-Sampled-Preprocessed,0.6,0,0.35562618369624477,19.218489601003967,0.359145549929395,0.3962189445151475,0.3488116899942743,hgb,47.3891212590006,47.3891212590006,True,False
Give-Me-Some-Credit-Sampled-Preprocessed,1.0,0,0.3649045966468486,34.16582366599505,0.35668687292904405,0.4240912172702319,0.3434800858833272,catboost,46.36150961600015,,False,False
Give-Me-Some-Credit-Sampled-Preprocessed,0.2,1,0.3722344860628556,8.34772922898992,0.3472656911061055,0.42001992330737714,0.32348024652967916,rf,9.779840366999451,0.02512041699992551,False,True
Give-Me-Some-Credit-Sampled-Preprocessed,0.6,1,0.3904796881402217,19.103090325002995,0.4028421054709018,0.4203920414083309,0.360561804565028,catboost,40.534658034999666,2.5180892679982207,True,True
Give-Me-Some-Credit-Sampled-Preprocessed,1.0,1,0.42357040720589456,29.448120816001392,0.4058753525576013,0.3948248358675379,0.3930292691252899,hgb,47.49979109499964,,False,False
Give-Me-Some-Credit-Sampled-Preprocessed,0.1,0,0.31967181202951267,4.889132978998532,0.2909180444141507,0.49315782075253034,0.3040256765181518,hgb,2.9057536910113413,,False,False
Give-Me-Some-Credit-Sampled-Preprocessed,0.3,0,0.3500276197893254,10.282427291014756,0.34235578307763187,0.39547615111817097,0.31623858434499663,catboost,6.217922797019128,,False,False
Give-Me-Some-Credit-Sampled-Preprocessed,0.4,0,0.3637894273678537,13.627787256005831,0.3401912613509747,0.40278535155966233,0.3196408689164388,logreg,8.163310413976433,,False,False
Give-Me-Some-Credit-Sampled-Preprocessed,0.5,0,0.36353091957117906,16.14381353698991,0.3456647131478035,0.4458893864704679,0.3280742851286001,catboost,15.534742381991236,,False,False
Give-Me-Some-Credit-Sampled-Preprocessed,0.7,0,0.3700202868688754,23.07113934300287,0.35738618389468574,0.4083125247328082,0.33717656614631086,catboost,27.17566248998628,,False,False
Give-Me-Some-Credit-Sampled-Preprocessed,0.8,0,0.35791372797695065,28.917645104003896,0.366366070159521,0.36695414057265874,0.34390803492283667,hgb,38.858047126981546,38.858047126981546,True,False
Give-Me-Some-Credit-Sampled-Preprocessed,0.9,0,0.3658732804569586,25.477567764974083,0.3631087337974241,0.44092572976542294,0.34118532286941117,hgb,49.66086636498221,,False,False
Give-Me-Some-Credit-Sampled-Preprocessed,0.1,1,0.37869236073251566,6.634898493968649,0.3694023065671833,0.43148266194184165,0.29905979422130907,extratrees,2.6229783900053008,,False,False
Give-Me-Some-Credit-Sampled-Preprocessed,0.3,1,0.3882304827124169,10.412735110039648,0.4019251669189632,0.39639621379541246,0.33227967551532744,rf,24.94785361898539,0.8398584419919644,True,True
Give-Me-Some-Credit-Sampled-Preprocessed,0.4,1,0.37546970855742046,13.001325829000052,0.3720771442151416,0.41483892263310596,0.3261931644523342,catboost,14.051803838985506,0.02128796000033617,False,True
Give-Me-Some-Credit-Sampled-Preprocessed,0.5,1,0.3994200019738404,14.376796579017537,0.3802376307433505,0.4355367676227634,0.32759987459449325,extratrees,15.052798212040216,1.2518144920031773,False,True
Give-Me-Some-Credit-Sampled-Preprocessed,0.7,1,0.4020520372360686,21.637415415978467,0.4061002041420728,0.35432566022703077,0.3569321687724364,mlp,18.40253607100749,2.180353952004225,True,True
Give-Me-Some-Credit-Sampled-Preprocessed,0.8,1,0.4021363130391762,25.02988313098831,0.37751235732271887,0.3450674412778984,0.37852970341128644,catboost,33.27237542899093,17.197791184982634,False,True
Give-Me-Some-Credit-Sampled-Preprocessed,0.9,1,0.4102215669157756,25.899602208985016,0.4188288640797591,0.3869241140795624,0.4108038519599239,hgb,19.45671252401371,2.2522419260058086,True,True
Pulsar-Dataset-HTRU2,0.2,0,0.8980430579775086,8.381229438002265,0.919878097790035,0.9646611264456678,0.9195277117685127,logreg,7.7105648000001565,0.03362850300027276,True,True
Pulsar-Dataset-HTRU2,0.6,0,0.9225225472555089,19.15447370698712,0.9202599883639917,0.9307316936280742,0.9192099025828167,logreg,19.645135236999977,,False,False
Pulsar-Dataset-HTRU2,1.0,0,0.9253836214044193,32.60893989899887,0.9277516695741491,0.953209538173335,0.9256135687735565,catboost,33.88002451999864,2.0463021030000164,True,True
Pulsar-Dataset-HTRU2,0.2,1,0.9098548874897106,9.345729072996619,0.9110482499387976,0.9702381135778135,0.9098377076713876,logreg,12.302599244999328,0.2114689410009305,True,True
Pulsar-Dataset-HTRU2,0.6,1,0.9194829342152906,18.0970213829969,0.9177229582525867,0.8987588672330361,0.9113921079262173,logreg,23.491400494001937,,False,False
Pulsar-Dataset-HTRU2,1.0,1,0.9192074034982246,32.562081660998956,0.9209838854020505,0.949720023484175,0.9217862097113934,mlp,53.71104079199904,2.088457665000533,True,True
Pulsar-Dataset-HTRU2,0.1,0,0.8992947211285004,5.224095206998754,0.9067858970829322,0.9322244218517854,0.9116701221792132,mlp,15.627218978988822,0.014675136990263127,True,True
Pulsar-Dataset-HTRU2,0.3,0,0.909429154524092,9.274224820994277,0.9209934479725995,0.9436811911987067,0.9197007398884842,catboost,4.286139665011433,0.00611380601185374,True,True
Pulsar-Dataset-HTRU2,0.4,0,0.9144869485577349,14.405393852000998,0.920929572625685,0.925385640565186,0.9195417006978527,logreg,31.79082986501453,0.0277469669963466,True,True
Pulsar-Dataset-HTRU2,0.5,0,0.9077978629376857,12.53898255599779,0.9253496855636447,0.9383903665896631,0.9230943008741543,catboost,11.223380247975001,0.018412374003673904,True,True
Pulsar-Dataset-HTRU2,0.7,0,0.925257129115977,20.195954479993816,0.9266415279953569,0.929482651385454,0.9197406161299005,logreg,9.061480208998546,6.855148417002056,True,True
Pulsar-Dataset-HTRU2,0.8,0,0.923231391864547,21.305294179996054,0.925047275849109,0.9408931704728517,0.9222961147391412,hgb,26.129633729011402,15.81054398600827,True,True
Pulsar-Dataset-HTRU2,0.9,0,0.921804747947026,25.561271885024325,0.9243671144300034,0.9478493281962707,0.9218892284754061,mlp,10.950022319011623,1.0397758059989428,True,True
Pulsar-Dataset-HTRU2,0.1,1,0.900608981208408,5.539331664011115,0.9120809803890673,0.8712587635342054,0.9105638981253997,logreg,3.407764971998404,0.010859504996915348,True,True
Pulsar-Dataset-HTRU2,0.3,1,0.9073456612373098,11.887125082012062,0.9102322944301819,0.9350060035909981,0.8985226145834749,lgbm,7.764034158026334,0.0897730419965228,True,True
Pulsar-Dataset-HTRU2,0.4,1,0.9113345269552569,16.432970023985035,0.9088605510863246,0.8905645702966414,0.9081986989014742,logreg,5.365139885994722,0.9086545380123425,False,True
Pulsar-Dataset-HTRU2,0.5,1,0.9104325673257598,18.61621564100642,0.9138583521344589,0.9453366259504732,0.911194762187546,logreg,6.813344063048135,0.23264446000393946,True,True
Pulsar-Dataset-HTRU2,0.7,1,0.9171579874893724,19.345950696992077,0.9186737713733792,0.930802902805429,0.9152957571380187,mlp,10.549830420000944,1.4244883789942833,True,True
Pulsar-Dataset-HTRU2,0.8,1,0.9168872418604753,25.586472820996278,0.9200028355569653,0.9319400963328452,0.9141047083339443,lgbm,22.632008416985627,0.9544349159841659,True,True
Pulsar-Dataset-HTRU2,0.9,1,0.9163555016091998,26.096053323992237,0.9177198507434914,0.9179440592463403,0.9181815100464836,mlp,13.804403062007623,13.804403062007623,True,True
Amazon_employee_access,0.2,0,0.12795713792982144,13.7037487409998,0.13633263877490887,0.1585483363368699,0.13599969866572725,catboost,19.904323183000088,12.461991773000591,True,True
Amazon_employee_access,0.6,0,0.24529795708387103,74.17634401699615,0.22049855025125203,0.2129271014951775,0.24782468527954596,xgb,46.546633525998914,,False,False
Amazon_employee_access,1.0,0,0.29905687109304707,134.6906372660087,0.2480741383043006,0.23189579328519375,0.2331834482195273,lgbm,72.40949572000136,,False,False
Amazon_employee_access,0.2,1,0.14156708045274022,20.614304564989652,0.15911586830313953,0.18514845326763035,0.1678273519885149,catboost,18.436596387999998,7.795240358999763,True,True
Amazon_employee_access,0.6,1,0.22210730507920207,93.7672835390058,0.2251557880848159,0.19409930572497897,0.2251557880848159,lgbm,42.15929532899918,4.035657187000652,True,True
Amazon_employee_access,1.0,1,0.2596484885403805,153.70804675400177,0.2242422648977473,0.21090295810815374,0.21289612423614573,lgbm,83.25707900500038,,False,False
Amazon_employee_access,0.1,0,0.12370375766830885,6.7271072000294225,0.14117072782603113,0.12498518870736831,0.13262275916177294,rf,6.717240132027655,5.000484564021463,True,True
Amazon_employee_access,0.3,0,0.1896932306010363,45.156377928007714,0.18301521208324226,0.2009640747798792,0.17984958195923367,xgb,13.617678690003231,,False,False
Amazon_employee_access,0.4,0,0.21286401418021117,36.99666699700174,0.18891480680048775,0.2171146301267382,0.2063079634105657,xgb,17.013951492976048,,False,False
Amazon_employee_access,0.5,0,0.249125740326434,72.37039854701652,0.21037458638801895,0.25845921814948186,0.23331103852561846,xgb,15.708089553008904,,False,False
Amazon_employee_access,0.7,0,0.2595690970128895,80.94728094499806,0.25254553289345677,0.2058189185257674,0.2715132386275978,lgbm,33.65987122200022,2.6091039840102894,False,True
Amazon_employee_access,0.8,0,0.27263804105440154,119.53478381400055,0.28206424075079684,0.24482756185013144,0.25973922792412935,mlp,36.546841437986586,36.546841437986586,True,True
Amazon_employee_access,0.9,0,0.2885761612970528,124.22664672702376,0.2703952883193302,0.25188102966602055,0.24987887526260258,xgb,29.011763307004003,,False,False
Amazon_employee_access,0.1,1,0.12261875218047093,6.494647887979227,0.11420269717992379,0.16122610884568006,0.11092558591752603,logreg,2.834420579005382,,False,False
Amazon_employee_access,0.3,1,0.19106829931847907,45.27137319502435,0.17704458921062016,0.1213197369853159,0.17704988581548992,catboost,7.1905854850047035,,False,False
Amazon_employee_access,0.4,1,0.16918613873506194,49.62145139099994,0.18638073092731616,0.21669332639037311,0.14767334097708876,rf,14.74532520401408,1.7403068710118532,True,True
Amazon_employee_access,0.5,1,0.191333678050459,70.6933085589917,0.2042606542025818,0.23785450965693727,0.20276682840108673,catboost,11.970053969023866,2.1916494040196994,True,True
Amazon_employee_access,0.7,1,0.2374279620671962,116.18858532001832,0.22444977540149783,0.2758082978981822,0.2235874826855748,lgbm,15.623955105998903,,False,False
Amazon_employee_access,0.8,1,0.23640897163939817,122.610698632001,0.2205673176389022,0.24332148841165857,0.22344799736854226,lgbm,17.694917289016303,,False,False
Amazon_employee_access,0.9,1,0.24216740639725787,152.8742779939821,0.24121165582562518,0.22584536190410948,0.22314383407845564,xgb,23.0528376979928,,False,False
letter,0.2,0,0.9829266231885071,19.201044572000683,0.9806671012440039,0.9899116734816531,0.9820169712849931,extratrees,9.369669489999978,,False,False
letter,0.6,0,0.9970896057921386,68.38102888700269,0.9980806008566742,0.9982999353587589,0.9977633819817101,extratrees,26.027231498999754,7.282455269999446,True,True
letter,1.0,0,0.9991698478936126,107.20650109199414,0.9995004447527449,0.9994807246400753,0.9990892138694493,extratrees,47.06319124200036,12.502606278000712,True,True
letter,0.2,1,0.970024341727675,24.743301298996812,0.9797146048184006,1.0000000000000002,0.9797146048184006,lgbm,15.363972296000611,0.8463462110003093,True,True
letter,0.6,1,0.9969095114814165,68.58767586899376,0.9954072750406288,0.9983311574392266,0.9954136824316273,extratrees,26.529977132001477,,False,False
letter,1.0,1,0.9964393866386245,113.5544195229977,0.996214840685193,0.9988515447110089,0.996214840685193,extratrees,39.29129606100014,2.327937134999047,False,True
letter,0.1,0,0.9395916005174272,11.608196202010731,0.9187174512415784,0.9072296750868178,0.933496561147224,extratrees,1.7311448559776181,,False,False
letter,0.3,0,0.9924543100330127,36.892217000007804,0.9873974577990289,0.9978097010606346,0.9812177181010726,hgb,2.8101888469973346,,False,False
letter,0.4,0,0.9930520913396091,48.555639747000896,0.9963553787952554,0.9852245630125518,0.9904986174741437,lgbm,5.8325103069946636,2.2264673199970275,True,True
letter,0.5,0,0.9958760060357459,52.67056010200031,0.9912598085841158,0.9987041326061361,0.9912598085841158,lgbm,5.8761924450227525,,False,False
letter,0.7,0,0.9967320869480256,75.9778036879834,0.9970454415006441,0.9995979597959794,0.9967030045930798,extratrees,20.588755127973855,4.271533169972827,True,True
letter,0.8,0,0.9977206121358903,88.63275469899054,0.9961468290570874,0.9915159695788117,0.9961468290570874,extratrees,8.951784970995504,,False,False
letter,0.9,0,0.9981730360192496,103.46986910998748,0.9979550796575986,0.9961024888398848,0.9979729071257565,extratrees,15.835559023966198,,False,False
letter,0.1,1,0.9403361390166974,7.8301732710060605,0.9371116420713635,0.9339768339768337,0.9371116420713635,hgb,2.349270257007447,,False,False
letter,0.3,1,0.9890231683319936,25.89713104598195,0.9855888054681842,0.9856301644092342,0.9855888054681842,catboost,10.885554071996012,,False,False
letter,0.4,1,0.9930324954421287,49.39733683498889,0.9895593607011091,0.9872980607738879,0.9895593607011091,extratrees,17.176467807017616,,False,False
letter,0.5,1,0.9935831696068477,38.924194755003555,0.9921005576382828,0.9984079609721273,0.9941850225856447,lgbm,4.246082560028299,0.5369201090215938,False,True
letter,0.7,1,0.9975786321656145,55.763558657981775,0.997071783121001,0.9959141875166722,0.996147826118201,extratrees,12.45696523602237,,False,False
letter,0.8,1,0.9970516602761806,82.72988547099521,0.9978025450264267,0.9972417069595585,0.994877184585787,xgb,48.611193742995965,48.611193742995965,True,True
letter,0.9,1,0.9972430775568917,73.97505906000879,0.9976789477805419,0.9977814126862707,0.9963462055385234,extratrees,16.490059136995114,7.381454038986703,True,True
mammography,0.2,0,0.654073550096972,5.556295773001693,0.6611964575794566,0.9513888888888888,0.5856869751819621,logreg,7.389662523999505,2.7456679809993148,True,True
mammography,0.6,0,0.7418963330019671,17.798669791001885,0.7194415247810866,0.5866158664270316,0.6801142064806188,hgb,15.705175312000392,,False,False
mammography,1.0,0,0.7471500662039525,21.303628664001735,0.7543524175024938,0.6769988113435162,0.7434182353810016,extratrees,21.680622485998356,9.633629378998194,True,True
mammography,0.2,1,0.47988464893709687,4.89719660299852,0.6592811733484816,0.6776515151515152,0.6272144720951339,catboost,7.755895190999581,0.0088305749995925,True,True
mammography,0.6,1,0.6869788585243894,12.311942078991706,0.6335941142043231,0.7314638648944123,0.5961883994653074,hgb,12.855404218999865,,False,False
mammography,1.0,1,0.7007077342599105,22.626779335005267,0.7410648212211857,0.7649584210592216,0.7376087708456383,extratrees,20.439323802000217,1.064853540000513,True,True
mammography,0.1,0,0.4516317054054209,2.05823287601379,0.546159489750384,0.8253968253968254,0.5713091385613479,logreg,1.6500035289936932,0.007125525997253135,True,True
mammography,0.3,0,0.6588263928824609,6.369642138008203,0.640389657817724,0.7677583527583527,0.5961582383796831,hgb,3.3820690120046493,,False,False
mammography,0.4,0,0.6334398505809812,7.851246216998334,0.6927371493483401,0.7617761217142796,0.6781958243879537,extratrees,3.5223803379922174,0.37592634798784275,True,True
mammography,0.5,0,0.7237292364951761,11.2744521870045,0.723165725712158,0.823805386623662,0.6935920088422408,hgb,4.100858833975508,,False,False
mammography,0.7,0,0.7319273783899107,17.297548052047205,0.7356005366459111,0.5931807966792666,0.7419104842733,extratrees,10.46803217100387,7.074877916005789,True,True
mammography,0.8,0,0.7515930413818717,17.74819800099249,0.7459589355841616,0.7881413917103162,0.7253270056601833,catboost,8.656805657024961,1.4734196590143256,False,True
mammography,0.9,0,0.7619820011622747,17.82245158202568,0.7452262767792398,0.7449118357586075,0.7398479178553036,extratrees,20.80811179697048,,False,False
mammography,0.1,1,0.529071090984172,2.4656040370391565,0.5577140646924168,0.8666666666666667,0.5577140646924168,xgb,1.727447116994881,0.009178446998703294,True,True
mammography,0.3,1,0.5470487239017862,5.635861735943763,0.5354565025524761,0.7352124083414597,0.5354565025524761,xgb,2.80164576403331,0.005477747006807476,False,True
mammography,0.4,1,0.6686639398070469,11.689451922000444,0.6845268458930606,0.7913478938152141,0.6845268458930606,catboost,3.0738654710148694,1.4923325090203434,True,True
mammography,0.5,1,0.6943237398414238,7.5774141859437805,0.705140208408065,0.8444583727974921,0.6568281374309921,hgb,4.745472875991254,3.6554959199856967,True,True
mammography,0.7,1,0.697688908066054,14.321968844058574,0.7151060370707889,0.8649523857405179,0.7258814056772127,extratrees,7.4630606660066405,0.8475616940122563,True,True
mammography,0.8,1,0.7378840285957184,18.155335845982336,0.7058268829094753,0.6921695549268625,0.7152982738834094,catboost,9.264289809958427,,False,False
mammography,0.9,1,0.735482613523693,17.191468726014136,0.7448713920537897,0.7571998240793942,0.7076132231272484,hgb,6.90283316699788,5.594577756986837,True,True
satimage,0.2,0,0.6742680679106264,16.517752714999006,0.7089746431707924,0.6521566382263464,0.7097119357660568,extratrees,9.611234785002125,4.449053762001313,True,True
satimage,0.6,0,0.7911774459311005,45.68288136000774,0.7753285813491212,0.7313093789178061,0.7816459261767499,extratrees,20.401692583999647,,False,False
satimage,1.0,0,0.8473638613547032,95.64218167700892,0.81364057661778,0.8305327690938861,0.8030589261884016,xgb,30.238795639001182,,False,False
satimage,0.2,1,0.6951847389236825,10.891165626997463,0.6613860937375291,0.7001694065854744,0.6613860937375291,xgb,7.195154978999199,,False,False
satimage,0.6,1,0.7813755722107361,51.937798407994705,0.7911724544169516,0.8114237607428041,0.7793865040757997,extratrees,14.538974558001428,5.539370858001348,True,True
satimage,1.0,1,0.8298972211679313,78.44481882998298,0.7970646225155595,0.7902043383656224,0.7882761859523745,xgb,20.19408570699943,,False,False
satimage,0.1,0,0.6249214674299558,4.933050364994415,0.6555413447122508,0.7534435261707989,0.653340695981583,catboost,9.603449287009425,8.484342826995999,True,False
satimage,0.3,0,0.7268748407140986,16.37040989000161,0.7354690487979167,0.750746052580748,0.7221328189729193,xgb,2.8790157890325645,0.5596571730129654,True,True
satimage,0.4,0,0.7401628970216382,31.41970203699202,0.7727504086905496,0.8507286769591127,0.7741730187752289,extratrees,24.939706626028055,1.4539871400193078,True,True
satimage,0.5,0,0.7643826989905687,36.51524877197153,0.7515734570999196,0.769002444178129,0.7515734570999196,xgb,4.046558953006752,,False,False
satimage,0.7,0,0.8317087777547267,57.43408900798022,0.8089634917587643,0.7873799190687728,0.7992292547412811,xgb,4.883290384997963,,False,False
satimage,0.8,0,0.8395177966371408,108.21285278900723,0.8157255780668409,0.79228749255907,0.8136894338199677,extratrees,44.70089545301744,,False,False
satimage,0.9,0,0.8368509973805933,76.25838683002439,0.8185904818487824,0.8147134580834131,0.8149290006405889,extratrees,18.15026677098649,,False,False
satimage,0.1,1,0.6063901518225068,3.2543820010105264,0.6806911000474799,0.9145316804407714,0.6806911000474799,extratrees,4.612551301994245,1.539229599002283,True,True
satimage,0.3,1,0.7337275208818065,13.97708967098879,0.7055266551265599,0.6965256679622759,0.7055266551265599,catboost,8.04452512600983,,False,False
satimage,0.4,1,0.7507340004013441,22.540546337006163,0.7606966855842029,0.7802051619348466,0.7339316480235308,lgbm,4.415778242007946,4.160038397007156,True,True
satimage,0.5,1,0.7494718146382044,40.216079423993506,0.7616119294721453,0.7620260125824317,0.7616119294721453,lgbm,4.9698160650150385,0.5352387820021249,True,True
satimage,0.7,1,0.7896815190472849,44.78919256500376,0.7886585171110245,0.8039372043414849,0.7785618356752236,lgbm,8.729070216970285,,False,False
satimage,0.8,1,0.8017504763019837,76.16057668699978,0.7867230935747723,0.8217890223272651,0.7829876576860303,extratrees,7.897855382965645,,False,False
satimage,0.9,1,0.8109093333100671,72.29275453702576,0.8042207686877778,0.8398856559949912,0.7935108161051972,extratrees,19.094236452016048,,False,False
jm1,0.2,0,0.41224379845399656,9.143106478000846,0.3995247691269028,0.3986365526363333,0.3711543001597921,rf,22.39843070200004,,False,False
jm1,0.6,0,0.43291736995760427,29.218305518006673,0.4457779369800071,0.4552420886742576,0.4207689860100037,logreg,45.77064022400009,15.400384997999936,True,True
jm1,1.0,0,0.4392545795945251,35.1279580730079,0.4594454039446935,0.4401089922013853,0.42435664809198503,hgb,48.66653876300052,7.602225431000534,True,True
jm1,0.2,1,0.36420114263101017,14.448328863003553,0.3879200846640609,0.4291698918647418,0.37903549316347246,logreg,21.13636118400018,0.23933801899966056,True,True
jm1,0.6,1,0.3873117179893412,23.49151996099863,0.3980881139124389,0.4387713658444493,0.37450343606022785,catboost,27.34239413000023,5.809661609000159,True,True
jm1,1.0,1,0.3954100785949529,38.436907682997116,0.4259224822896435,0.4324489739584794,0.3904519240622666,mlp,62.9812316929997,2.7748264100000597,True,True
jm1,0.1,0,0.3780944834118755,5.8795409870108415,0.37323342880302823,0.40522914806008264,0.35135171026930206,hgb,3.9421723089908483,0.34876488099689595,False,True
jm1,0.3,0,0.4247012635026219,12.093723308007611,0.4367500534175698,0.42093882334142907,0.4108477076621912,logreg,7.2581143229908776,2.9723606210027356,True,True
jm1,0.4,0,0.42736205168236274,18.36201139500008,0.4420957149094062,0.44555660296071153,0.4172100815256929,logreg,5.853883190007764,2.297322181999334,True,True
jm1,0.5,0,0.43754396290972786,20.932349094975507,0.4482369544689051,0.4381507383312872,0.4298889906145156,rf,10.15920280899445,0.756442680984037,True,True
jm1,0.7,0,0.43192357942620835,21.726487613017525,0.4557783053915476,0.45894579485394205,0.4004918898625811,xgb,11.186224054996273,1.3658640510111582,True,True
jm1,0.8,0,0.435084916390135,37.794905180999194,0.45298302990804723,0.42057352234841544,0.4236753419803688,logreg,20.702893499008496,9.336978926003212,True,True
jm1,0.9,0,0.440121164643933,26.357368969001982,0.4663431670061857,0.44999164061606384,0.41925875481043207,xgb,23.05843231099425,1.1064256329846103,True,True
jm1,0.1,1,0.3264370982157783,5.944974185014871,0.27764968562377046,0.38116273030620795,0.3652432731399547,logreg,3.2086636909953086,0.08089953400485683,False,True
jm1,0.3,1,0.377597423968868,13.380003618018236,0.37000098570882567,0.4744397788024491,0.38838202827915314,logreg,4.976870509999571,0.05071098799817264,False,True
jm1,0.4,1,0.37926026308593613,26.493925725002555,0.3506474490200594,0.3624698418940513,0.31309622207128035,mlp,8.082121988001745,0.022721248999005184,False,True
jm1,0.5,1,0.37767154345112586,21.044736656982423,0.40485349251513736,0.4322595574810025,0.38524289337691525,catboost,8.40618647498195,0.4939198909996776,True,True
jm1,0.7,1,0.4035256836906249,24.078719564004132,0.4117402279111494,0.4652628981335688,0.3901109659172611,catboost,14.084241311997175,0.7555651950096944,True,True
jm1,0.8,1,0.4074955071526787,30.10214725599326,0.41772819031427555,0.47411902300692593,0.3906276346445291,xgb,13.190801826043753,3.879907433045446,True,True
jm1,0.9,1,0.40549206569455387,28.529136227010895,0.42075108768874053,0.4420158139950552,0.38668475649507483,hgb,26.070386704959674,7.362565605959389,True,True
rl,0.2,0,0.3578914137350771,24.369317102009518,0.35496350558792333,0.38655820749069963,0.3587247495063064,hgb,17.11907832700126,4.509514365000541,False,True
rl,0.6,0,0.4788842088139268,94.12050675999126,0.4074671856760783,0.3598520943985962,0.3991431600231979,hgb,59.059280530999786,,False,False
rl,1.0,0,0.525674868084502,146.9167576439977,0.47625956536877645,0.48360854468176845,0.47625956536877645,hgb,99.14592298600019,,False,False
rl,0.2,1,0.35677540193373186,20.93183313201007,0.34238582713964383,0.34758441023708797,0.3472786732209508,hgb,18.76790154900118,,False,False
rl,0.6,1,0.4949804255756404,79.03178775899141,0.45206130603754036,0.4072108849611831,0.45449403159154145,hgb,54.1621680749995,,False,False
rl,1.0,1,0.5338669933787318,123.04203897999832,0.4676992194747625,0.4882842678116433,0.47100781439599226,hgb,90.82965296600196,,False,False
rl,0.1,0,0.3205100037544615,9.477781432964548,0.31334190800502665,0.3178562255917027,0.2941965557132445,xgb,6.247761296006502,,False,False
rl,0.3,0,0.3886959632025455,44.3386854580167,0.35752233677386774,0.408454659268352,0.35924119224503254,hgb,19.556893806002336,,False,False
rl,0.4,0,0.3993391150849105,51.828325129001314,0.40070189405514933,0.39114651546785395,0.3782662300437932,lgbm,16.85087869898416,15.05874282498553,True,True
rl,0.5,0,0.4503466271372623,56.78609485906054,0.431904254265896,0.3733321867612276,0.3967040988686275,xgb,21.03328849999525,,False,False
rl,0.7,0,0.48961286941402693,88.87965660302143,0.43301834524869076,0.41761923286864633,0.43301834524869076,hgb,34.20290959297563,,False,False
rl,0.8,0,0.5190834908946836,108.21415546002027,0.44649630784245503,0.4290319840117348,0.44649630784245503,hgb,37.22936004197982,,False,False
rl,0.9,0,0.535124387206164,118.5748900290273,0.4881415749821184,0.47072802758067783,0.4824752976524176,hgb,32.5189466909942,,False,False
rl,0.1,1,0.29801021383762494,10.613741032007965,0.2548373405050929,0.2471283964491815,0.2533786712474177,xgb,9.37399475001439,,False,False
rl,0.3,1,0.4154989119607655,33.55668263500411,0.37889807041747303,0.4012575532210167,0.37889807041747303,hgb,7.155320009012939,,False,False
rl,0.4,1,0.4277990546655758,57.14848714697291,0.3529723722285281,0.39788699564763935,0.3360001539790384,catboost,11.129023187982966,,False,False
rl,0.5,1,0.46927795559452234,67.91640735999681,0.4176058534099366,0.41244653178552876,0.4088478637844332,hgb,13.460059114993783,,False,False
rl,0.7,1,0.5065789709189662,88.07438917300897,0.4447415064465577,0.4257363940693625,0.4447415064465577,hgb,19.894454173962004,,False,False
rl,0.8,1,0.5140316924838936,100.32562981302544,0.43457072063609814,0.4557777540816042,0.43457072063609814,hgb,19.9560715789994,,False,False
rl,0.9,1,0.5171317525286897,100.97364938899409,0.45420107911006746,0.4453076447338618,0.4324668295625359,lgbm,26.72339649897185,,False,False
sylva_prior,0.2,0,0.9659221886353008,25.901043143996503,0.956571517323647,0.9693098930857191,0.9599025127064389,hgb,15.097804129997712,0.17403516600006697,False,True
sylva_prior,0.6,0,0.9857675917184238,37.23340358799942,0.9770409907312823,0.9910945245031563,0.9817212781558359,xgb,35.83615999199901,0.3470773729995926,False,True
sylva_prior,1.0,0,0.9813564037419618,47.51628466000875,0.9665545175872436,0.9950877361147601,0.9721189647896624,extratrees,42.88906118200066,0.24892529899989313,False,True
sylva_prior,0.2,1,0.9468644469679004,14.547804074998567,0.970731851717403,0.9924699503281439,0.970731851717403,rf,14.380248255000879,0.13894345900007465,True,True
sylva_prior,0.6,1,0.9791514597140349,33.21287291399494,0.9693762314439357,0.9908419793983969,0.9704513219151883,lgbm,25.709539941000912,0.24527204599962715,False,True
sylva_prior,1.0,1,0.9875016874925567,57.26388203100214,0.987409333585707,0.9802877343628659,0.9872434331527645,catboost,52.97358929099937,,False,False
sylva_prior,0.1,0,0.9582523350451888,8.54252108800938,0.9628605182800923,1.0,0.9628605182800923,xgb,10.334058453983744,0.15387807099614292,True,True
sylva_prior,0.3,0,0.9412576447740152,20.09304301101656,0.9791755437574354,0.9959392740547757,0.9831225051409681,logreg,5.369293118987116,0.08158876300149132,True,True
sylva_prior,0.4,0,0.974546836134943,27.854357232001348,0.9727283461580191,0.9976776494515087,0.9629706498161908,extratrees,8.114303380993078,0.04821506999724079,False,True
sylva_prior,0.5,0,0.9703099473586649,43.84956588501154,0.9799077832471095,0.969315297616977,0.9799077832471095,extratrees,6.647761775981053,0.08210473299550358,True,True
sylva_prior,0.7,0,0.9797030749775688,41.98433684101474,0.9849938459407217,0.9994308122265629,0.9849938459407217,xgb,19.00532641602331,1.063538005008013,True,True
sylva_prior,0.8,0,0.9779094572796672,42.73880455299695,0.9780412984779077,0.9898857032127689,0.9801991021929854,xgb,13.335806975024752,0.04875357401033398,True,True
sylva_prior,0.9,0,0.9795543734887248,42.88097883401497,0.9833984724789634,0.9921542224625672,0.9602879310606653,mlp,14.59962477395311,0.04282192999380641,True,True
sylva_prior,0.1,1,0.9493074753754372,5.717289675998472,0.9534106222990533,1.0,0.9534106222990533,catboost,2.659630937036127,0.09483108500717208,True,True
sylva_prior,0.3,1,0.9579662890443036,19.93919553800879,0.9810345742438313,0.986316670951178,0.9787942310712185,catboost,14.358851220997167,0.01852263300679624,True,True
sylva_prior,0.4,1,0.9753508413976368,26.084475803992973,0.975746750665328,0.9846623335869729,0.9740250393921582,extratrees,18.385792488988955,0.20923149399459362,True,True
sylva_prior,0.5,1,0.9642678422419793,21.383468896026898,0.9823474912690033,0.9883964614343193,0.9818628202280297,catboost,12.205521593990852,0.104770477002603,True,True
sylva_prior,0.7,1,0.9783743137073481,20.945641802976752,0.9858214616352923,0.9805234692605098,0.988065094053155,catboost,10.880819133017212,0.14406677200167906,True,True
sylva_prior,0.8,1,0.9713247741481894,35.626613583002836,0.9924566093237405,0.9984935753460896,0.9897458336185465,catboost,20.11486406797485,0.17228105300455354,True,True
sylva_prior,0.9,1,0.9892042106937367,35.604357035979774,0.9870019651145392,0.9816919886012706,0.9878269330923914,xgb,12.013754979998339,0.05995914699451532,False,True
Bank_marketing_data_set_UCI,0.2,0,0.5825293945265115,17.24537236602191,0.5884976220551995,0.630886311161202,0.565656265147632,catboost,29.397610213999997,5.993463361000067,True,True
Bank_marketing_data_set_UCI,0.6,0,0.6252977829786115,44.208527001999755,0.6249093208445592,0.6253911997974768,0.6188250179036306,catboost,40.47423667300018,5.66799673200012,False,True
Bank_marketing_data_set_UCI,1.0,0,0.636058716944483,72.19529140801387,0.6366714121343304,0.6616862955476333,0.6366714121343304,catboost,78.69175774099995,10.632549389999895,True,True
Bank_marketing_data_set_UCI,0.2,1,0.5851149375235017,21.324288225998316,0.5715217195146357,0.5750499633690419,0.546459634496392,logreg,23.815134403999764,,False,False
Bank_marketing_data_set_UCI,0.6,1,0.6133955306726518,41.49602340400088,0.6191746858611691,0.5959924702176387,0.5984863138146336,hgb,44.27097554300053,21.454170182000325,True,True
Bank_marketing_data_set_UCI,1.0,1,0.6313484605090264,68.8417731479858,0.6417766204145331,0.6119661105010457,0.6425695087417128,catboost,94.45711398700041,11.181009733000337,True,True
Bank_marketing_data_set_UCI,0.1,0,0.5681658895124642,9.4076756969298,0.5543999854587095,0.6512574871808657,0.5543999854587095,logreg,6.155821781998384,,False,False
Bank_marketing_data_set_UCI,0.3,0,0.6151248945628716,18.52395926801546,0.6218294597962717,0.6690305269670568,0.6019711052990392,catboost,7.58474300900707,1.0691062550031347,True,True
Bank_marketing_data_set_UCI,0.4,0,0.6332955149996465,34.04913700000907,0.6119419932721374,0.618745856729484,0.5694729636034321,logreg,10.642044126012479,,False,False
Bank_marketing_data_set_UCI,0.5,0,0.6257701347987827,34.069868329010205,0.6234394053363603,0.6180716721113096,0.6031429457015496,rf,22.227479093024158,,False,False
Bank_marketing_data_set_UCI,0.7,0,0.6423833236862935,41.359150075993966,0.6287051172465437,0.6472710763906679,0.6106820182024887,rf,32.23894548001408,,False,False
Bank_marketing_data_set_UCI,0.8,0,0.6363135142112041,69.64483101697988,0.6430437428231717,0.6595210923283712,0.6430437428231717,catboost,17.441130794992205,15.032711181993363,True,True
Bank_marketing_data_set_UCI,0.9,0,0.6413627019797725,60.472786621969135,0.6316315456453117,0.6311231561880718,0.6281219481276821,hgb,23.788381430975278,,False,False
Bank_marketing_data_set_UCI,0.1,1,0.5682789678971948,11.520407231022546,0.5307666989868909,0.5162458871968766,0.5170186904465401,catboost,5.106763107993174,,False,False
Bank_marketing_data_set_UCI,0.3,1,0.6074819375556223,31.889864506018057,0.5914666670200894,0.5880564942498221,0.5656068385612025,catboost,13.376128804986365,,False,False
Bank_marketing_data_set_UCI,0.4,1,0.6077982721649635,29.935044856996683,0.6060136323312756,0.6309551527141868,0.5971148697784474,catboost,9.01431190999574,,False,False
Bank_marketing_data_set_UCI,0.5,1,0.6085483115684719,32.90690583896503,0.6261948462576475,0.580407305754369,0.6110629733155062,catboost,45.31070402900514,12.84589621599298,True,True
Bank_marketing_data_set_UCI,0.7,1,0.6213026985739472,43.208852929958084,0.6278615411194447,0.586643138650592,0.5981283926610782,xgb,13.914821983984439,10.574922687985236,True,True
Bank_marketing_data_set_UCI,0.8,1,0.6205136749604196,47.76259886398475,0.6223882722701498,0.6135573604637656,0.6228118156514129,catboost,33.886134587985,16.0898663289845,True,True
Bank_marketing_data_set_UCI,0.9,1,0.6280045165127972,49.763783783011604,0.6383237670725187,0.6093747593365604,0.6383237670725187,catboost,24.346835700955126,18.69464279996464,True,True
oil,0.2,0,0.2754530600118835,0.7389137480031422,0.29979220947047946,1.0,0.29979220947047946,lgbm,4.081784426000922,0.136346756000421,True,True
oil,0.6,0,0.43947636184478284,3.1341299840005377,0.4458884841490244,0.7125,0.4472659657599783,lgbm,8.310572283999136,0.15964557099960075,True,True
oil,1.0,0,0.45904949183934685,6.121304432997476,0.6312257515894946,0.8760107816711589,0.6312257515894946,extratrees,11.896874924997974,0.2431305340005565,True,True
oil,0.2,1,0.20006556557563365,0.8055608280001252,0.12819875847968887,0.20833333333333331,0.12819875847968887,extratrees,4.287368229001004,,False,False
oil,0.6,1,0.5015742199227662,2.5041745819971766,0.34467580312158647,0.4671750663129973,0.4670897877924609,logreg,7.965442789998633,,False,False
oil,1.0,1,0.6582284151034151,5.824909388001288,0.5588341715842403,0.39582378405907814,0.5639895192476705,xgb,10.382867475001149,,False,False
oil,0.3,0,0.3323009690321462,2.318796379986452,0.4336713144790466,1.0,0.4336713144790466,lgbm,4.556584312013001,0.005469263007398695,True,True
oil,0.4,0,0.34836033156556595,1.2874225369992018,0.40465141421023776,0.5916666666666666,0.32272651262070207,logreg,5.78194211499067,0.021462972988956608,True,True
oil,0.5,0,0.3360739158486995,3.801913801991759,0.43312129488969797,0.6704545454545454,0.43312129488969797,hgb,2.6930000300053507,0.019418012001551688,True,True
oil,0.7,0,0.35450027823396113,8.929741431998991,0.4907134951332666,0.7163934426229508,0.4907134951332666,lgbm,3.0764357750158524,0.010301589994924143,True,True
oil,0.8,0,0.44400635184626414,5.418036830998972,0.4909493154930336,0.6116452991452993,0.39947098469972175,hgb,5.418484629990417,0.006854982988443226,True,True
oil,0.9,0,0.40093515292373016,8.839445934016112,0.5357275237757693,0.7932496075353217,0.6099806086721662,lgbm,7.250549889009562,0.05460250499891117,True,True
oil,0.3,1,0.5675553923313728,1.9590496519922453,0.33917318496753573,1.0,0.33917318496753573,extratrees,2.2194507910026005,,False,False
oil,0.4,1,0.33871726590171686,1.918641808999837,0.25558176585265174,0.41388888888888886,0.25558176585265174,lgbm,2.278408536032657,0.023328545023105107,False,True
oil,0.5,1,0.32501438706795854,3.1445295400044415,0.5056030405415651,0.5570175438596492,0.37232758340640143,logreg,2.984676397012663,0.05649028500192799,True,True
oil,0.7,1,0.5958181066082316,5.790334831013752,0.43886815541427154,0.6201970443349754,0.488484775356646,logreg,7.290669491994777,,False,False
oil,0.8,1,0.6341485155429203,4.719683785000143,0.5796627561485848,0.5327457264957265,0.6100184749378298,lgbm,17.455008202974568,,False,False
oil,0.9,1,0.44020456247795825,6.651596602012432,0.5782013232117758,0.5230413377472201,0.5601885975608115,extratrees,3.681939901012811,0.06314784800633788,True,True
thyroid_sick,0.2,0,0.699989296530369,4.304451270995742,0.8169280907640409,0.9519230769230769,0.8472796805735555,catboost,6.5558325419997345,0.30637429099988367,True,True
thyroid_sick,0.6,0,0.9494023624218985,12.718069084998206,0.9144674915789046,0.8955566476148371,0.9180193106911436,xgb,11.410019918999751,,False,False
thyroid_sick,1.0,0,0.9618485273713671,20.453857405000235,0.9766100878857972,0.9581044237389855,0.9766100878857972,catboost,19.96982229400055,3.1006795920002332,True,True
thyroid_sick,0.2,1,0.8107193348949442,4.2861544039988075,0.8666888385130977,0.9089285714285714,0.8952913799735677,catboost,6.175830055000915,3.4701020850015993,True,True
thyroid_sick,0.6,1,0.938040060425194,14.04776353500256,0.9589048007488052,0.9731603812853811,0.9627431992882548,catboost,7.311339747000602,1.677606984000704,True,True
thyroid_sick,1.0,1,0.9713415412851515,35.1160003140003,0.9638609504480122,0.9686764067118023,0.9501434513192137,hgb,10.051065833001303,,False,False
thyroid_sick,0.1,0,0.599408964704829,1.25872960900233,0.8067334931754269,0.7844827586206897,0.8655319147664049,catboost,1.5379116760159377,0.10037805199681316,True,True
thyroid_sick,0.3,0,0.9567031145221976,3.326076917004684,0.710985783788326,0.9423076923076924,0.8719446978851103,catboost,2.030189464974683,,False,False
thyroid_sick,0.4,0,0.9202052146192443,8.209421141995335,0.8871215481604023,0.8442890528304345,0.8871215481604023,hgb,3.668169510026928,,False,False
thyroid_sick,0.5,0,0.9194367815674034,6.850335826999071,0.9082106702750555,0.9738299595141701,0.9082106702750555,catboost,3.0846251400071196,,False,False
thyroid_sick,0.7,0,0.9163362804570075,11.687541087987483,0.944790347744805,0.9870300751879699,0.944790347744805,xgb,2.4117730829893844,0.28153408698563,True,True
thyroid_sick,0.8,0,0.9578793576236916,17.730743390998214,0.9372350108442247,0.9175140045107758,0.9353519353067226,xgb,2.5129079919715878,,False,False
thyroid_sick,0.9,0,0.961810780189096,13.94605993300138,0.9709628409976063,0.9912427079093746,0.9791328291754945,lgbm,2.8036079880112084,0.47422626400657464,True,True
thyroid_sick,0.1,1,0.858798411887313,1.382931621006719,0.8717102308846746,0.8269230769230769,0.8661994804312718,catboost,1.410168259011698,0.7243931650009472,True,True
thyroid_sick,0.3,1,0.8809062080504483,3.6257239779733936,0.9780420157801717,1.0,0.9780420157801717,catboost,1.8183258710050723,0.2120630599820288,True,True
thyroid_sick,0.4,1,0.8921628683688223,14.372576061998188,0.9502684986478052,0.9924172794117647,0.9502684986478052,rf,1.915437073985231,0.7095860019908287,True,True
thyroid_sick,0.5,1,0.9568687098462911,7.754140775985434,0.9428109315728268,0.9359489633173846,0.9428109315728268,lgbm,9.412829476990737,,False,False
thyroid_sick,0.7,1,0.9492490918174259,9.592525744999875,0.9294666768186476,0.9237808651702081,0.9284783993087857,hgb,1.9290195389912697,,False,False
thyroid_sick,0.8,1,0.939256243822244,15.745322783999654,0.9490538528368467,0.9181022919917241,0.9490538528368467,xgb,2.847139074016013,0.26695804300834425,True,True
thyroid_sick,0.9,1,0.9655673265431193,11.394410472985328,0.9638071715425246,0.9753702304477343,0.9612745764223971,lgbm,2.3638653050147695,,False,False
JapaneseVowels,0.2,0,0.9901656087184515,18.961001601011958,0.9938066705908708,1.0,0.9938066705908708,extratrees,13.903690160000224,3.688022173000718,True,True
JapaneseVowels,0.6,0,0.9966460702076624,59.770003936997455,0.9970902859994218,0.9964884675874432,0.9961660731690712,catboost,23.532389858002716,5.475955297001747,True,True
JapaneseVowels,1.0,0,0.9982643741259778,94.37042781899072,0.9974369333588811,0.996952803177915,0.9979629976699576,extratrees,33.99768217199926,,False,False
JapaneseVowels,0.2,1,0.989296480829939,22.467015614005504,0.9898036302115507,0.9711288480110783,0.9901224355713429,extratrees,10.585591904001376,3.661341020000691,True,True
JapaneseVowels,0.6,1,0.9968099611363476,61.0415096529905,0.9970461968443812,0.9959133062575932,0.9970461968443812,extratrees,20.373222233998604,6.108178809998208,True,True
JapaneseVowels,1.0,1,0.9988176160589728,90.67025471299894,0.9977343755535922,0.9976447837161027,0.9977343755535922,extratrees,24.346713553000882,,False,False
JapaneseVowels,0.1,0,0.9798915126958334,7.033933831000468,0.9853842552655085,0.9987684729064039,0.9885004331662085,extratrees,6.407784459996037,4.0616524270008085,True,True
JapaneseVowels,0.3,0,0.9942131382748833,30.225630057997478,0.9945056024142583,0.9969269893915842,0.9945056024142583,extratrees,4.558697686981759,2.3019962039979873,True,True
JapaneseVowels,0.4,0,0.9944308206366121,45.71411281799192,0.9937346522745694,0.9953351339095555,0.994414006063178,extratrees,9.125048633024562,,False,False
JapaneseVowels,0.5,0,0.9946143442878361,45.17878660100541,0.995682694776008,0.9962771312904706,0.995682694776008,extratrees,8.06004565198964,2.755496009995113,True,True
JapaneseVowels,0.7,0,0.9971118299118088,66.55738626600214,0.9965469500071125,0.9959238199424856,0.9965465810911892,extratrees,13.839217314962298,,False,False
JapaneseVowels,0.8,0,0.9979135551463467,75.3015748920061,0.9959160138443842,0.9972104686138277,0.9959160138443842,lgbm,21.317221954028355,,False,False
JapaneseVowels,0.9,0,0.9984581623506456,75.24840864502039,0.9981711078654663,0.9990560154681268,0.9981711078654663,extratrees,11.037320468982216,,False,False
JapaneseVowels,0.1,1,0.9782782812795692,6.447941090991662,0.9846565380738469,0.996343537414966,0.9884281588994359,extratrees,3.2165091980132274,0.3291940669878386,True,True
JapaneseVowels,0.3,1,0.9941225238022755,31.764220149030734,0.9918843669309201,0.9873826662282182,0.9918843669309201,extratrees,9.476960574043915,,False,False
JapaneseVowels,0.4,1,0.9951017722616661,47.604444067994336,0.9923602323163168,0.9943581134370587,0.9885941170112009,knn,6.890242065011989,,False,False
JapaneseVowels,0.5,1,0.9952631761818804,48.45977260501968,0.9959588174964195,0.99607272218815,0.9959588174964195,extratrees,6.726259015020332,2.1161651060101576,True,True
JapaneseVowels,0.7,1,0.9967799751790367,56.60889023999334,0.997202521313071,0.9983104388524163,0.997202521313071,extratrees,19.431736079990515,13.088760437007295,True,True
JapaneseVowels,0.8,1,0.9983775752774564,67.22167962998537,0.9977360712078706,0.9949430708946767,0.9977360712078706,extratrees,10.703389046975644,,False,False
JapaneseVowels,0.9,1,0.9982726884632092,77.64558860503166,0.9983559525656482,0.9978449537228546,0.9983559525656482,extratrees,16.765224782997393,11.202751094999257,True,True
pendigits,0.2,0,0.9915405324000804,14.262791806007954,0.9949539735316679,0.999390243902439,0.9939974516210074,extratrees,9.988212477999696,4.704741496999304,True,True
pendigits,0.6,0,0.9964939150421913,38.24941044299703,0.9972718621249899,0.9999311294765839,0.9974582769379228,catboost,21.786092318000556,0.675579984000251,True,True
pendigits,1.0,0,0.9984572754580354,60.87199669900474,0.9975938597129544,0.9937474851641118,0.9975488455979902,xgb,25.511610173999998,,False,False
pendigits,0.2,1,0.9863440679960285,13.581122072992002,0.9909028056890081,1.0000000000000002,0.9909028056890081,lgbm,11.064113930000076,0.12648352699989118,True,True
pendigits,0.6,1,0.9980360750577544,38.815739755011236,0.9976656276503142,0.997941692395226,0.9976656276503142,lgbm,18.700458738999714,,False,False
pendigits,1.0,1,0.9990842379705095,64.91831272500167,0.9985681896938234,0.9928657927114282,0.9975228829095176,knn,23.29109041699985,,False,False
pendigits,0.1,0,0.9527477308286729,5.894855615995766,0.9816371673165833,1.0,0.9816371673165833,extratrees,1.7391093510086648,0.008124375002807938,True,True
pendigits,0.3,0,0.9942679958232149,21.25428659598765,0.9964945199607592,1.0,0.9964945199607592,extratrees,3.0565767850202974,1.4802615140069975,True,True
pendigits,0.4,0,0.9977186849565296,30.78557038200597,0.9974473021899648,0.9983438119854409,0.9978222572453933,mlp,16.403752777987393,,False,False
pendigits,0.5,0,0.9969359811277972,28.518742554995697,0.9966019488687219,0.9998009900990099,0.9967908044467468,mlp,14.7755864179926,14.296895313993446,False,True
pendigits,0.7,0,0.9970011427761866,36.224973683991266,0.9977879455834965,0.9990473633062247,0.9976793658054199,catboost,4.967517984987353,1.6384686689998489,True,True
pendigits,0.8,0,0.9979301161622177,43.04353915599495,0.9976775212152982,0.9989935449319076,0.9977201749447898,catboost,9.06692164701235,,False,False
pendigits,0.9,0,0.9984554464721012,50.50639334899097,0.9979796774802782,0.9997262148861623,0.9979796774802782,lgbm,4.629151531975367,,False,False
pendigits,0.1,1,0.9748852635925261,4.741849320980691,0.9920037309282058,0.9954545454545458,0.9920037309282058,logreg,1.8915641260100529,0.006934121003723703,True,True
pendigits,0.3,1,0.9951748538994936,16.077612852979655,0.9928250624959934,0.9954085030791419,0.9940240231286978,catboost,4.548152408999158,,False,False
pendigits,0.4,1,0.9973539488587164,26.50650220400894,0.9985224542899818,0.9996951219512195,0.9985224542899818,mlp,27.117889832996298,27.117889832996298,True,False
pendigits,0.5,1,0.998890653556711,30.055685989998892,0.9974303540482283,0.9949015824288463,0.9974303540482283,lgbm,4.404513789981138,,False,False
pendigits,0.7,1,0.9992824415096636,41.52244648001579,0.9985996387098098,0.9973479692075753,0.9987390863521037,catboost,4.966484001997742,,False,False
pendigits,0.8,1,0.9993831900659633,48.62519505600176,0.9987026352053969,0.999771543560606,0.9988018874691617,catboost,10.132383304997347,,False,False
pendigits,0.9,1,0.9988996313685206,48.6204027399981,0.9984175296546611,0.9914625696275533,0.9983927913338294,extratrees,5.250985515027423,,False,False
