dataset,frac,seed,e1_ap,e2_ap,e1_t,e2_t,ens_full,ens_full_t,ens_at_e1,ens_at_e2,e2ens_ap,e2ens_t,beat_e1_isot,beat_e2ens,e2ens_faster,beat_e2_isot
online_shoppers_intention,0.2,0,0.7335897088714853,0.7318165802205255,11.548939960002826,17.11767045600027,0.7161893690997952,20.415600809000352,0.711819670337113,0.7239522088490563,0.7345326206390468,60.66308237200428,False,True,False,False
online_shoppers_intention,0.6,0,0.7501441738766993,0.7535457233795427,29.33033099899876,40.62935738699889,0.7369653969061986,30.24954498199986,0.7369653969061986,0.7369653969061986,0.752045842923835,131.8956654240028,False,False,False,False
online_shoppers_intention,1.0,0,0.7673054214073718,0.7631975547469724,49.972084630995596,49.12195336100012,0.7616422656297754,41.168997496999964,0.7616422656297754,0.7616422656297754,0.7635956106671332,657.5909381849924,False,True,False,False
online_shoppers_intention,0.2,1,0.7105176995069613,0.7129479273124703,11.254837256004976,13.330803087999811,0.713297815714711,16.492047760999867,0.713297815714711,0.713297815714711,0.7217171226536532,80.70591759799572,True,True,False,True
online_shoppers_intention,0.6,1,0.7342459842724729,0.7416240676159681,46.622996596999656,36.37441981599841,0.73843398214104,31.844645431000117,0.73843398214104,0.73843398214104,0.7417052546759983,229.6476512030058,True,True,False,False
online_shoppers_intention,1.0,1,0.7401062690957931,0.7413259071808337,45.12864817398986,45.576715025999874,0.734391505290591,59.43822521300035,0.734391505290591,0.734391505290591,0.7484469542413046,587.3055310409982,False,True,False,False
online_shoppers_intention,0.1,0,0.7036419289139033,0.6310595689942832,4.801972897010273,5.931389703957393,0.6642374052561024,3.132849759029341,0.6642374052561024,0.6642374052561024,0.6890148152906842,34.12891565800237,False,True,False,True
online_shoppers_intention,0.3,0,0.7288994391343855,0.7262852724618301,17.09473015599724,17.83660692902413,0.7209216659206389,6.920379704984953,0.7209216659206389,0.7209216659206389,0.7354107595178475,41.488867175998166,False,True,False,False
online_shoppers_intention,0.4,0,0.7583937440388177,0.7458183106104438,25.109812540995335,30.933671240998592,0.7376084781677908,5.310391218983568,0.7376084781677908,0.7376084781677908,0.7448688446272482,63.00291622598888,False,False,False,False
online_shoppers_intention,0.5,0,0.75038821293147,0.7571070586502799,31.437753048976447,26.977158792007685,0.7393603881646089,6.533740388971637,0.7393603881646089,0.7393603881646089,0.7523282711669491,107.4779250749998,False,False,False,False
online_shoppers_intention,0.7,0,0.7520750693231091,0.7553127672882929,31.994195074985328,36.441996136014495,0.735278228656047,12.225607439992018,0.735278228656047,0.735278228656047,0.753836470225201,287.70506138900237,False,False,False,False
online_shoppers_intention,0.8,0,0.7496190411273482,0.7601559964223379,41.46973739198438,41.301613001995065,0.7524557323538086,25.342733819008572,0.7524557323538086,0.7524557323538086,0.7604591201998067,285.86248678999254,True,True,False,False
online_shoppers_intention,0.9,0,0.7591193757851358,0.7603445669323864,40.32089167198501,33.743198048014165,0.752236977233899,21.18478497097385,0.752236977233899,0.752236977233899,0.7630095903204257,407.4667589919991,False,True,False,False
online_shoppers_intention,0.1,1,0.7092105701006862,0.6794936919974875,4.624078415006807,5.121237763993122,0.7158198498174769,3.484017226001015,0.7158198498174769,0.7158198498174769,0.7035919151726479,226.5593745119986,True,True,False,True
online_shoppers_intention,0.3,1,0.7342737367466875,0.7386093398487108,15.134506668004178,14.36310372301159,0.7245777637102374,4.427809694985626,0.7245777637102374,0.7245777637102374,0.7320815608742559,183.5095330450131,False,False,False,False
online_shoppers_intention,0.4,1,0.7398062582763136,0.7372140947509882,25.899413193992586,24.8044468480075,0.7225297702921655,8.422879826975986,0.7225297702921655,0.7225297702921655,0.7313593147674711,201.16296854199027,False,False,False,False
online_shoppers_intention,0.5,1,0.7427651830604431,0.7441456681403741,21.50122959598957,24.799600026988628,0.7297739836503188,6.698897270005546,0.7297739836503188,0.7297739836503188,0.7414066383494627,230.72168209600204,False,False,False,False
online_shoppers_intention,0.7,1,0.7440855640097049,0.7458270138754997,28.881094806012698,35.14051149000443,0.7369340293973917,8.296214019996114,0.7369340293973917,0.7369340293973917,0.7435199250942836,295.9362046820024,False,False,False,False
online_shoppers_intention,0.8,1,0.7469175836012213,0.7475043822278353,33.881291523985055,39.26944828499836,0.7390339793673928,16.637813484980143,0.7390339793673928,0.7390339793673928,0.7514087452439272,236.29408426799637,False,True,False,False
online_shoppers_intention,0.9,1,0.7468921383470373,0.7457795879639262,38.497349609988305,37.105745791002846,0.7467364139957553,18.610384207975585,0.7467364139957553,0.7467364139957553,0.748214656914648,273.7925943720038,False,True,False,True
coil_2000,0.2,0,0.1248522731610276,0.15099699142519435,20.578929874001915,17.219664311996894,0.11684477783448674,8.878040257001885,0.11684477783448674,0.11684477783448674,0.16008999300768276,49.954119511006866,False,True,False,False
coil_2000,0.6,0,0.18948611686348488,0.20077316830624603,37.0245800199973,42.27227836000566,0.15731382698832352,15.530209327000193,0.15731382698832352,0.15731382698832352,0.19853368788063863,145.78333141299663,False,False,False,False
coil_2000,1.0,0,0.18221341467238364,0.18593025469129704,43.49480091199621,52.892783290995794,0.15384851292188256,31.344958386001053,0.15384851292188256,0.15384851292188256,0.1806026748279024,202.44605740600673,False,False,False,False
coil_2000,0.2,1,0.1574815212490181,0.16202419425346837,24.569184763009616,15.991901586001404,0.1488285819062834,10.396132290999049,0.1488285819062834,0.1488285819062834,0.1525751306638612,66.42316632300208,False,False,False,False
coil_2000,0.6,1,0.16232308732288128,0.15075861597553994,32.27612006599156,25.945216932996118,0.1334331509278317,18.90661240100053,0.1334331509278317,0.1334331509278317,0.14368292403275024,100.58934682699328,False,False,False,False
coil_2000,1.0,1,0.18437493127242557,0.17768188562471332,47.398435920997144,48.65895046099649,0.18597825893379671,24.8800300970006,0.18597825893379671,0.18597825893379671,0.18313998529078368,379.058827603003,True,True,False,True
coil_2000,0.1,0,0.11431125627950288,0.1163441332485357,5.939028757020424,9.782776056003058,0.09405604868507983,3.1716816360130906,0.09405604868507983,0.09405604868507983,0.1134704178088572,60.66033012099797,False,False,False,False
coil_2000,0.3,0,0.15835123482665472,0.1638970511063654,24.906111629024963,26.649972910985525,0.1623180421592503,6.624298202004866,0.1623180421592503,0.1623180421592503,0.1605872259138017,51.6645656190085,True,False,False,False
coil_2000,0.4,0,0.18199139094090855,0.17650431641241437,22.879224711996358,27.30117923200305,0.15580819455798264,4.415740173004451,0.15580819455798264,0.15580819455798264,0.17529746984413333,110.22986054400099,False,False,False,False
coil_2000,0.5,0,0.17741521701105906,0.177081998058585,26.258073522974883,25.98728989299343,0.15118326045927935,10.335960430995328,0.15118326045927935,0.15118326045927935,0.18236668586114627,132.526950296,False,True,False,False
coil_2000,0.7,0,0.1678438130321846,0.20384063435020677,32.994940331002,36.070798935012135,0.18958399609273946,8.076948843969149,0.18958399609273946,0.18958399609273946,0.20509967656716296,127.41169439499208,True,True,False,False
coil_2000,0.8,0,0.1593971014185929,0.18783456235648321,39.03794385299625,41.014035230000445,0.16931011093907708,13.248052523005754,0.16931011093907708,0.16931011093907708,0.1896767178069711,130.39919956799713,True,True,False,False
coil_2000,0.9,0,0.19354883728172836,0.18651426538700874,42.022348796992446,45.770722819986986,0.1708375384702694,10.8451568550081,0.1708375384702694,0.1708375384702694,0.20268332035372355,157.50128216299345,False,True,False,False
coil_2000,0.1,1,0.1254013411007084,0.12134401438095319,4.576399414007028,10.899847534012224,0.12166224584517969,9.92717774301127,0.11179647713200552,0.12166224584517969,0.13999350094894114,64.08935394699802,False,True,False,True
coil_2000,0.3,1,0.1613250465945515,0.15990546920898724,23.00178775198947,18.557657780998852,0.10915757151663105,3.956635952970828,0.10915757151663105,0.10915757151663105,0.15107548578145374,109.77023991900205,False,False,False,False
coil_2000,0.4,1,0.12823545547865595,0.1551319874717793,17.087574967003093,24.747934401006205,0.12167288094511874,5.466669622983318,0.12167288094511874,0.12167288094511874,0.17136528447646635,117.27628623599594,False,True,False,False
coil_2000,0.5,1,0.1648249261933909,0.16342208824359228,30.56826990997797,28.677826842995273,0.12108126746265281,8.147606866972637,0.12108126746265281,0.12108126746265281,0.15587881281448737,101.56520068700775,False,False,False,False
coil_2000,0.7,1,0.1540037854016296,0.16567969950544714,34.26796289100457,30.998206601001584,0.16925223622066063,8.542860488974839,0.16925223622066063,0.16925223622066063,0.15248053441683151,140.1848793560057,True,False,False,True
coil_2000,0.8,1,0.18981769282466004,0.16896209967606549,53.44255152400547,40.17151829999966,0.16610911751837332,8.226211950997822,0.16610911751837332,0.16610911751837332,0.17201502409863315,161.22024359100033,False,True,False,False
coil_2000,0.9,1,0.18090663772034196,0.18343396809336018,41.71566290400369,48.555835234998085,0.18173970132676248,16.221383757991134,0.18173970132676248,0.18173970132676248,0.1803834118299069,172.81329114599794,True,False,False,False
Give-Me-Some-Credit-Sampled-Preprocessed,0.2,0,0.35180971955750845,0.3492435395179841,10.62405340400801,9.23277560999486,0.3170313087222479,12.636298539999189,0.3170313087222479,0.3170313087222479,0.3380374916981166,104.46328743900813,False,False,False,False
Give-Me-Some-Credit-Sampled-Preprocessed,0.6,0,0.35562618369624477,0.36008291917955554,19.218489601003967,23.800928392012793,0.359145549929395,47.3891212590006,0.3488116899942743,0.3488116899942743,0.35449420579368784,300.1803577360115,False,False,False,False
Give-Me-Some-Credit-Sampled-Preprocessed,1.0,0,0.3649045966468486,0.36938329159883343,34.16582366599505,37.07097142200473,0.35668687292904405,46.36150961600015,0.35668687292904405,0.35668687292904405,0.3597978277678102,588.1102565889887,False,False,False,False
Give-Me-Some-Credit-Sampled-Preprocessed,0.2,1,0.3722344860628556,0.3818328209163349,8.34772922898992,9.947664633009481,0.3472656911061055,9.779840366999451,0.3472656911061055,0.3472656911061055,0.38972712643992913,110.30193150599371,False,True,False,False
Give-Me-Some-Credit-Sampled-Preprocessed,0.6,1,0.3904796881402217,0.4049705996363446,19.103090325002995,21.28275152599963,0.4028421054709018,40.534658034999666,0.4028421054709018,0.4028421054709018,0.40046580376313023,257.45178274900536,True,False,False,False
Give-Me-Some-Credit-Sampled-Preprocessed,1.0,1,0.42357040720589456,0.41371919357327464,29.448120816001392,35.125340001997756,0.4058753525576013,47.49979109499964,0.3930292691252899,0.3930292691252899,0.4251798337409045,403.65071586798877,False,True,False,False
Give-Me-Some-Credit-Sampled-Preprocessed,0.1,0,0.31967181202951267,0.33512237672177364,4.889132978998532,5.259975891043723,0.2909180444141507,2.9057536910113413,0.2909180444141507,0.2909180444141507,0.3158723572326043,74.09510622199741,False,False,False,False
Give-Me-Some-Credit-Sampled-Preprocessed,0.3,0,0.3500276197893254,0.35431178539066827,10.282427291014756,12.976871284998197,0.34235578307763187,6.217922797019128,0.34235578307763187,0.34235578307763187,0.34340882614203083,159.28039123000053,False,False,False,False
Give-Me-Some-Credit-Sampled-Preprocessed,0.4,0,0.3637894273678537,0.35857713037224154,13.627787256005831,16.754348074990048,0.3401912613509747,8.163310413976433,0.3401912613509747,0.3401912613509747,0.33205803259162436,264.73271743800433,False,False,False,False
Give-Me-Some-Credit-Sampled-Preprocessed,0.5,0,0.36353091957117906,0.3702082033405169,16.14381353698991,19.188329655989946,0.3456647131478035,15.534742381991236,0.3456647131478035,0.3456647131478035,0.3583652268846109,266.46190203800506,False,False,False,False
Give-Me-Some-Credit-Sampled-Preprocessed,0.7,0,0.3700202868688754,0.3671459458773742,23.07113934300287,23.85040212803142,0.35738618389468574,27.17566248998628,0.3355762908377013,0.3355762908377013,0.3636213005204093,340.2963196030032,False,False,False,False
Give-Me-Some-Credit-Sampled-Preprocessed,0.8,0,0.35791372797695065,0.3678944965780753,28.917645104003896,32.79627058300139,0.366366070159521,38.858047126981546,0.34390803492283667,0.34390803492283667,0.3638116079752096,331.12150652600394,False,False,False,False
Give-Me-Some-Credit-Sampled-Preprocessed,0.9,0,0.3658732804569586,0.363177013345836,25.477567764974083,33.59374604101322,0.3631087337974241,49.66086636498221,0.3550133016151404,0.3550133016151404,0.3704693004460692,409.91604684700724,False,True,False,False
Give-Me-Some-Credit-Sampled-Preprocessed,0.1,1,0.37869236073251566,0.36677186939627915,6.634898493968649,7.1043666119658155,0.3694023065671833,2.6229783900053008,0.3694023065671833,0.3694023065671833,0.3877623614781507,90.07850441600021,False,True,False,True
Give-Me-Some-Credit-Sampled-Preprocessed,0.3,1,0.3882304827124169,0.39084470765222945,10.412735110039648,10.926711450025323,0.4019251669189632,24.94785361898539,0.4015539613847354,0.4015539613847354,0.3999980247805313,117.38944402200286,True,True,False,True
Give-Me-Some-Credit-Sampled-Preprocessed,0.4,1,0.37546970855742046,0.3951514706419406,13.001325829000052,14.324186313004247,0.3720771442151416,14.051803838985506,0.3738919091381486,0.3720771442151416,0.3951767970638519,157.03813043500122,False,True,False,False
Give-Me-Some-Credit-Sampled-Preprocessed,0.5,1,0.3994200019738404,0.3920806620101367,14.376796579017537,16.463901807983348,0.3802376307433505,15.052798212040216,0.3885547462012754,0.3802376307433505,0.3965930544264591,240.3855476119934,False,True,False,False
Give-Me-Some-Credit-Sampled-Preprocessed,0.7,1,0.4020520372360686,0.40795040769443386,21.637415415978467,27.173650996977813,0.4061002041420728,18.40253607100749,0.4061002041420728,0.4061002041420728,0.39963640929170824,298.5502371800103,True,False,False,False
Give-Me-Some-Credit-Sampled-Preprocessed,0.8,1,0.4021363130391762,0.4045401314454653,25.02988313098831,29.540480559009666,0.37751235732271887,33.27237542899093,0.3997579722348524,0.40524760385400804,0.40658989710412635,420.6620794670016,False,True,False,True
Give-Me-Some-Credit-Sampled-Preprocessed,0.9,1,0.4102215669157756,0.4155817334967763,25.899602208985016,29.212204431023565,0.4188288640797591,19.45671252401371,0.4188288640797591,0.4188288640797591,0.41099143377906866,371.3128979589965,True,False,False,True
Pulsar-Dataset-HTRU2,0.2,0,0.8980430579775086,0.9209384473087905,8.381229438002265,12.065600396992522,0.919878097790035,7.7105648000001565,0.919878097790035,0.919878097790035,0.9230704526863293,124.12296106600843,True,True,False,False
Pulsar-Dataset-HTRU2,0.6,0,0.9225225472555089,0.9232516971254997,19.15447370698712,19.419150883999464,0.9202599883639917,19.645135236999977,0.9202599883639917,0.9202599883639917,0.9240019458156674,208.81098690599902,False,True,False,False
Pulsar-Dataset-HTRU2,1.0,0,0.9253836214044193,0.9252830166062486,32.60893989899887,33.24298359801105,0.9277516695741491,33.88002451999864,0.9277516695741491,0.9277516695741491,0.9290965933990397,289.118030394995,True,True,False,True
Pulsar-Dataset-HTRU2,0.2,1,0.9098548874897106,0.9060435405800416,9.345729072996619,11.26158210000176,0.9110482499387976,12.302599244999328,0.9110482499387976,0.9110482499387976,0.9098498283910225,96.96550038299756,True,True,False,True
Pulsar-Dataset-HTRU2,0.6,1,0.9194829342152906,0.9132276137428588,18.0970213829969,24.598635025997282,0.9177229582525867,23.491400494001937,0.9179179205651186,0.9177229582525867,0.9187309597057631,256.4401033180038,False,True,False,True
Pulsar-Dataset-HTRU2,1.0,1,0.9192074034982246,0.9212258552305543,32.562081660998956,35.33599957200022,0.9209838854020505,53.71104079199904,0.9200289069830935,0.9200289069830935,0.9202650427442531,408.25403690501116,True,False,False,False
Pulsar-Dataset-HTRU2,0.1,0,0.8992947211285004,0.9025966290044919,5.224095206998754,4.186311503988691,0.9067858970829322,15.627218978988822,0.9028734510425956,0.9028734510425956,0.9136369249313132,136.82979299699946,True,True,False,True
Pulsar-Dataset-HTRU2,0.3,0,0.909429154524092,0.9100041534354759,9.274224820994277,10.588610876009625,0.9209934479725995,4.286139665011433,0.9209934479725995,0.9209934479725995,0.918684091944019,223.830628753989,True,True,False,True
Pulsar-Dataset-HTRU2,0.4,0,0.9144869485577349,0.9076651149554438,14.405393852000998,14.738784280007167,0.920929572625685,31.79082986501453,0.9185524405345394,0.9185524405345394,0.9243656648156579,192.07991138299985,True,True,False,True
Pulsar-Dataset-HTRU2,0.5,0,0.9077978629376857,0.9234183439009551,12.53898255599779,17.577849949000665,0.9253496855636447,11.223380247975001,0.9253496855636447,0.9253496855636447,0.9229097575738907,284.3741138320038,True,False,False,True
Pulsar-Dataset-HTRU2,0.7,0,0.925257129115977,0.9239824405985165,20.195954479993816,23.666439493990765,0.9266415279953569,9.061480208998546,0.9266415279953569,0.9266415279953569,0.9242775854833607,319.80692405400623,True,True,False,True
Pulsar-Dataset-HTRU2,0.8,0,0.923231391864547,0.9241158066868302,21.305294179996054,27.327658202995735,0.925047275849109,26.129633729011402,0.925047275849109,0.925047275849109,0.9262148985119052,255.8451860369969,True,True,False,True
Pulsar-Dataset-HTRU2,0.9,0,0.921804747947026,0.9248336566743126,25.561271885024325,29.591285906994017,0.9243671144300034,10.950022319011623,0.9243671144300034,0.9243671144300034,0.9278150010851777,352.6132556299999,True,True,False,False
Pulsar-Dataset-HTRU2,0.1,1,0.900608981208408,0.893765044987999,5.539331664011115,5.563696685003379,0.9120809803890673,3.407764971998404,0.9120809803890673,0.9120809803890673,0.9115386282495582,171.8293209800031,True,True,False,True
Pulsar-Dataset-HTRU2,0.3,1,0.9073456612373098,0.905062151442248,11.887125082012062,12.269835440994939,0.9102322944301819,7.764034158026334,0.9102322944301819,0.9102322944301819,0.9096740006666783,130.8295641989971,True,True,False,True
Pulsar-Dataset-HTRU2,0.4,1,0.9113345269552569,0.9058455342335949,16.432970023985035,17.61893578999843,0.9088605510863246,5.365139885994722,0.9088605510863246,0.9088605510863246,0.9159972942206384,169.42019797199464,False,True,False,True
Pulsar-Dataset-HTRU2,0.5,1,0.9104325673257598,0.915077809109668,18.61621564100642,17.882098081012373,0.9138583521344589,6.813344063048135,0.9138583521344589,0.9138583521344589,0.9155103090199112,241.13404879799054,True,True,False,False
Pulsar-Dataset-HTRU2,0.7,1,0.9171579874893724,0.9203709803821741,19.345950696992077,25.5578855499989,0.9186737713733792,10.549830420000944,0.9186737713733792,0.9186737713733792,0.9164850000894399,290.88835937099066,True,False,False,False
Pulsar-Dataset-HTRU2,0.8,1,0.9168872418604753,0.9178653038130156,25.586472820996278,25.989870640003573,0.9200028355569653,22.632008416985627,0.9200028355569653,0.9200028355569653,0.9186257839920968,314.09876316699956,True,True,False,True
Pulsar-Dataset-HTRU2,0.9,1,0.9163555016091998,0.9178516631543294,26.096053323992237,28.7303674479881,0.9177198507434914,13.804403062007623,0.9177198507434914,0.9177198507434914,0.9179113021678128,363.5520369809965,True,True,False,False
Amazon_employee_access,0.2,0,0.12795713792982144,0.16343189361983465,13.7037487409998,19.39186004099429,0.13633263877490887,19.904323183000088,0.13633263877490887,0.13633263877490887,0.161907376605689,172.62280253200151,True,False,False,False
Amazon_employee_access,0.6,0,0.24529795708387103,0.27889097196904644,74.17634401699615,120.30020945499564,0.22049855025125203,46.546633525998914,0.22049855025125203,0.22049855025125203,0.26598507994884124,324.1521982819977,False,False,False,False
Amazon_employee_access,1.0,0,0.29905687109304707,0.292703662092965,134.6906372660087,189.16977644101098,0.2480741383043006,72.40949572000136,0.2480741383043006,0.2480741383043006,0.2916431429460757,714.4825047490012,False,False,False,False
Amazon_employee_access,0.2,1,0.14156708045274022,0.14613887463845274,20.614304564989652,21.617313331016703,0.15911586830313953,18.436596387999998,0.15911586830313953,0.15911586830313953,0.1650118575491457,103.00293694100401,True,True,False,True
Amazon_employee_access,0.6,1,0.22210730507920207,0.22444955506598438,93.7672835390058,107.75015654598064,0.2251557880848159,42.15929532899918,0.2251557880848159,0.2251557880848159,0.21615992308222148,145.95083197900385,True,False,False,True
Amazon_employee_access,1.0,1,0.2596484885403805,0.26585627399667516,153.70804675400177,168.48037622500124,0.2242422648977473,83.25707900500038,0.2242422648977473,0.2242422648977473,0.25167309740951627,234.01607997401152,False,False,False,False
Amazon_employee_access,0.1,0,0.12370375766830885,0.11954906084154517,6.7271072000294225,6.109297975010122,0.14117072782603113,6.717240132027655,0.14117072782603113,0.1347307823987087,0.1540707886956303,63.34246675801114,True,True,False,True
Amazon_employee_access,0.3,0,0.1896932306010363,0.19014813985500495,45.156377928007714,45.13004271200771,0.18301521208324226,13.617678690003231,0.18301521208324226,0.18301521208324226,0.18693443427875928,226.05814373299654,False,False,False,False
Amazon_employee_access,0.4,0,0.21286401418021117,0.2241773495103055,36.99666699700174,75.05018402899259,0.18891480680048775,17.013951492976048,0.18891480680048775,0.18891480680048775,0.21653477745592986,332.48890740500065,False,False,False,False
Amazon_employee_access,0.5,0,0.249125740326434,0.2470099644918965,72.37039854701652,83.00666498699138,0.21037458638801895,15.708089553008904,0.21037458638801895,0.21037458638801895,0.24656216915481166,350.9073613329965,False,False,False,False
Amazon_employee_access,0.7,0,0.2595690970128895,0.27717169617327553,80.94728094499806,127.99993100799475,0.25254553289345677,33.65987122200022,0.25254553289345677,0.25254553289345677,0.2586658700949974,404.19520179698884,False,False,False,False
Amazon_employee_access,0.8,0,0.27263804105440154,0.2772849184571508,119.53478381400055,165.6976161519924,0.28206424075079684,36.546841437986586,0.28206424075079684,0.28206424075079684,0.24852500193790664,530.3386247300077,True,False,False,True
Amazon_employee_access,0.9,0,0.2885761612970528,0.29262519670054965,124.22664672702376,153.3014380659988,0.2703952883193302,29.011763307004003,0.2703952883193302,0.2703952883193302,0.28060441367985733,647.7457008979982,False,False,False,False
Amazon_employee_access,0.1,1,0.12261875218047093,0.12699945472899973,6.494647887979227,7.558702302980237,0.11420269717992379,2.834420579005382,0.11420269717992379,0.11420269717992379,0.13336857357002077,40.46767667301174,False,True,False,False
Amazon_employee_access,0.3,1,0.19106829931847907,0.19126156795931135,45.27137319502435,47.56516498698693,0.17704458921062016,7.1905854850047035,0.17704458921062016,0.17704458921062016,0.20042474644752953,114.62785174199962,False,True,False,False
Amazon_employee_access,0.4,1,0.16918613873506194,0.20694966969221157,49.62145139099994,68.93014857199887,0.18638073092731616,14.74532520401408,0.18638073092731616,0.18638073092731616,0.20065584826635385,134.93375415500486,True,False,False,False
Amazon_employee_access,0.5,1,0.191333678050459,0.22302642323557975,70.6933085589917,86.46057858900895,0.2042606542025818,11.970053969023866,0.2042606542025818,0.2042606542025818,0.22234885125935697,109.28359974198975,True,False,False,False
Amazon_employee_access,0.7,1,0.2374279620671962,0.23688408149780274,116.18858532001832,147.5083477599983,0.22444977540149783,15.623955105998903,0.22444977540149783,0.22444977540149783,0.24613922322301734,170.60879565500363,False,True,False,False
Amazon_employee_access,0.8,1,0.23640897163939817,0.24687352614569302,122.610698632001,178.7337197230063,0.2205673176389022,17.694917289016303,0.2205673176389022,0.2205673176389022,0.24020844196751467,197.8790771960048,False,False,False,False
Amazon_employee_access,0.9,1,0.24216740639725787,0.25395417861243774,152.8742779939821,132.2900641749875,0.24121165582562518,23.0528376979928,0.24121165582562518,0.24121165582562518,0.2521755150954489,174.6704205749993,False,False,False,False
letter,0.2,0,0.9829266231885071,0.9824692195352076,19.201044572000683,26.400533512998663,0.9806671012440039,9.369669489999978,0.9806671012440039,0.9806671012440039,0.9886850980978286,77.18286870401062,False,True,False,False
letter,0.6,0,0.9970896057921386,0.9972454217859383,68.38102888700269,69.35981314099627,0.9980806008566742,26.027231498999754,0.9980806008566742,0.9980806008566742,0.9987573847444544,230.46856926800683,True,True,False,True
letter,1.0,0,0.9991698478936126,0.9990720639451314,107.20650109199414,118.02421288999903,0.9995004447527449,47.06319124200036,0.9995004447527449,0.9995004447527449,0.9994342115347405,206.12523332500132,True,True,False,True
letter,0.2,1,0.970024341727675,0.967883328096051,24.743301298996812,23.07883575899905,0.9797146048184006,15.363972296000611,0.9797146048184006,0.9797146048184006,0.9791133908369569,75.00592639899696,True,True,False,True
letter,0.6,1,0.9969095114814165,0.996919432116337,68.58767586899376,71.30483199400442,0.9954072750406288,26.529977132001477,0.9954072750406288,0.9954072750406288,0.9967641883784548,148.09376278899435,False,False,False,False
letter,1.0,1,0.9964393866386245,0.9971020827406263,113.5544195229977,119.5242630089906,0.996214840685193,39.29129606100014,0.996214840685193,0.996214840685193,0.9967920852065669,424.0668907049985,False,False,False,False
letter,0.1,0,0.9395916005174272,0.9422778032784004,11.608196202010731,12.57166135499574,0.9187174512415784,1.7311448559776181,0.9187174512415784,0.9187174512415784,0.9539870043773195,106.80176888100686,False,True,False,False
letter,0.3,0,0.9924543100330127,0.9892732053674037,36.892217000007804,36.4955160860045,0.9873974577990289,2.8101888469973346,0.9873974577990289,0.9873974577990289,0.9961254552212082,182.78550241599442,False,True,False,False
letter,0.4,0,0.9930520913396091,0.99278649540278,48.555639747000896,51.70908969400807,0.9963553787952554,5.8325103069946636,0.9963553787952554,0.9963553787952554,0.9980134149470674,129.5526596319978,True,True,False,True
letter,0.5,0,0.9958760060357459,0.9947959303376449,52.67056010200031,62.25235733201407,0.9912598085841158,5.8761924450227525,0.9912598085841158,0.9912598085841158,0.9964819220990846,119.03239592499449,False,True,False,False
letter,0.7,0,0.9967320869480256,0.9963068561215391,75.9778036879834,90.658360634985,0.9970454415006441,20.588755127973855,0.9970454415006441,0.9970454415006441,0.9977868052262748,302.1881592090067,True,True,False,True
letter,0.8,0,0.9977206121358903,0.9972724251638182,88.63275469899054,99.82642832400416,0.9961468290570874,8.951784970995504,0.9961468290570874,0.9961468290570874,0.9983445978191557,352.52254948500195,False,True,False,False
letter,0.9,0,0.9981730360192496,0.9987984481655052,103.46986910998748,104.99099612901409,0.9979550796575986,15.835559023966198,0.9979550796575986,0.9979550796575986,0.9991365429584205,358.3795999110007,False,True,False,False
letter,0.1,1,0.9403361390166974,0.9535473315265107,7.8301732710060605,7.456585976000497,0.9371116420713635,2.349270257007447,0.9371116420713635,0.9371116420713635,0.9576232333189796,46.537072785999044,False,True,False,False
letter,0.3,1,0.9890231683319936,0.9858914512598477,25.89713104598195,23.807091060996754,0.9855888054681842,10.885554071996012,0.9855888054681842,0.9855888054681842,0.9901873713268671,114.81673042300099,False,True,False,False
letter,0.4,1,0.9930324954421287,0.9923155537624129,49.39733683498889,53.607860859998254,0.9895593607011091,17.176467807017616,0.9895593607011091,0.9895593607011091,0.993604625005453,173.6486518959864,False,True,False,False
letter,0.5,1,0.9935831696068477,0.9942743347383767,38.924194755003555,45.47648082301748,0.9921005576382828,4.246082560028299,0.9921005576382828,0.9921005576382828,0.9958453748231327,193.64241057200707,False,True,False,False
letter,0.7,1,0.9975786321656145,0.9973574372837186,55.763558657981775,66.9518559019998,0.997071783121001,12.45696523602237,0.997071783121001,0.997071783121001,0.997870860340346,161.95588639899506,False,True,False,False
letter,0.8,1,0.9970516602761806,0.9970620663375699,82.72988547099521,101.17230912301056,0.9978025450264267,48.611193742995965,0.9978025450264267,0.9978025450264267,0.997250089389943,232.6108164699981,True,True,False,True
letter,0.9,1,0.9972430775568917,0.9975134809581595,73.97505906000879,87.5890998509858,0.9976789477805419,16.490059136995114,0.9976789477805419,0.9976789477805419,0.9981525264455139,338.26623998100695,True,True,False,True
mammography,0.2,0,0.654073550096972,0.652402164962463,5.556295773001693,5.005402983002568,0.6611964575794566,7.389662523999505,0.6611964575794566,0.6611964575794566,0.6768663852760479,71.07145843699982,True,True,False,True
mammography,0.6,0,0.7418963330019671,0.74835766191542,17.798669791001885,18.01469668800746,0.7194415247810866,15.705175312000392,0.7194415247810866,0.7194415247810866,0.7478903355377824,90.09666904799815,False,False,False,False
mammography,1.0,0,0.7471500662039525,0.7564006054307876,21.303628664001735,21.79616196999632,0.7543524175024938,21.680622485998356,0.7543524175024938,0.7543524175024938,0.7697238956371462,139.97286798700225,True,True,False,False
mammography,0.2,1,0.47988464893709687,0.5139233159687743,4.89719660299852,7.374514450999413,0.6592811733484816,7.755895190999581,0.6279250468444275,0.6592811733484816,0.673790965509292,80.76748147699982,True,True,False,True
mammography,0.6,1,0.6869788585243894,0.656681059221401,12.311942078991706,14.273216546005642,0.6335941142043231,12.855404218999865,0.6335941142043231,0.6335941142043231,0.7257484728374263,116.75714871099626,False,True,False,False
mammography,1.0,1,0.7007077342599105,0.732924228915568,22.626779335005267,25.62479854499179,0.7410648212211857,20.439323802000217,0.7410648212211857,0.7410648212211857,0.7513324610320637,132.80846085799567,True,True,False,True
mammography,0.1,0,0.4516317054054209,0.4667140722189292,2.05823287601379,2.4611201559746405,0.546159489750384,1.6500035289936932,0.546159489750384,0.546159489750384,0.5583131273935491,46.63399928199942,True,True,False,True
mammography,0.3,0,0.6588263928824609,0.6682168612535109,6.369642138008203,8.294859080015158,0.640389657817724,3.3820690120046493,0.640389657817724,0.640389657817724,0.6788436315981954,76.8630531480012,False,True,False,False
mammography,0.4,0,0.6334398505809812,0.6319188475995979,7.851246216998334,10.97591532500519,0.6927371493483401,3.5223803379922174,0.6927371493483401,0.6927371493483401,0.7099242256259384,49.77740102399548,True,True,False,True
mammography,0.5,0,0.7237292364951761,0.7407689162735068,11.2744521870045,12.249395570026536,0.723165725712158,4.100858833975508,0.723165725712158,0.723165725712158,0.7401424440604523,146.58320784498937,False,False,False,False
mammography,0.7,0,0.7319273783899107,0.7520455868079342,17.297548052047205,16.238920434989268,0.7356005366459111,10.46803217100387,0.7356005366459111,0.7356005366459111,0.7623756416231363,116.58645893599896,True,True,False,False
mammography,0.8,0,0.7515930413818717,0.7597622538397476,17.74819800099249,22.232343408000816,0.7459589355841616,8.656805657024961,0.7459589355841616,0.7459589355841616,0.770922309783144,128.8684083650005,False,True,False,False
mammography,0.9,0,0.7619820011622747,0.7564055400944845,17.82245158202568,20.880533924981137,0.7452262767792398,20.80811179697048,0.7452262767792398,0.7452262767792398,0.7592475318910619,146.2923973529978,False,True,False,False
mammography,0.1,1,0.529071090984172,0.4767686398002559,2.4656040370391565,1.9847321950655896,0.5577140646924168,1.727447116994881,0.5577140646924168,0.5577140646924168,0.6362234572537937,34.06135210899811,True,True,False,True
mammography,0.3,1,0.5470487239017862,0.5845045901721821,5.635861735943763,8.330089803013834,0.5354565025524761,2.80164576403331,0.5354565025524761,0.5354565025524761,0.6903470381478469,60.02596146699216,False,True,False,False
mammography,0.4,1,0.6686639398070469,0.6461499855570122,11.689451922000444,11.591915872002573,0.6845268458930606,3.0738654710148694,0.6845268458930606,0.6845268458930606,0.7166653224485817,75.63482293400739,True,True,False,True
mammography,0.5,1,0.6943237398414238,0.6720418318763999,7.5774141859437805,13.540061083025648,0.705140208408065,4.745472875991254,0.705140208408065,0.705140208408065,0.7150452378035657,94.9297619239951,True,True,False,True
mammography,0.7,1,0.697688908066054,0.69590510047735,14.321968844058574,15.952817350029363,0.7151060370707889,7.4630606660066405,0.7151060370707889,0.7151060370707889,0.7385186540908777,99.26559089300281,True,True,False,True
mammography,0.8,1,0.7378840285957184,0.7206842136667391,18.155335845982336,19.10838050700113,0.7058268829094753,9.264289809958427,0.7058268829094753,0.7058268829094753,0.7630395243677147,120.29154903099698,False,True,False,False
mammography,0.9,1,0.735482613523693,0.7208357382770663,17.191468726014136,16.723969098988164,0.7448713920537897,6.90283316699788,0.7448713920537897,0.7448713920537897,0.7633065412028607,169.29493968299357,True,True,False,True
satimage,0.2,0,0.6742680679106264,0.6821248454413077,16.517752714999006,17.905366906985364,0.7089746431707924,9.611234785002125,0.7089746431707924,0.7089746431707924,0.7025714781113652,158.40814679100004,True,True,False,True
satimage,0.6,0,0.7911774459311005,0.78929211536029,45.68288136000774,60.08527136199518,0.7753285813491212,20.401692583999647,0.7753285813491212,0.7753285813491212,0.8103558571552623,118.30671239999356,False,True,False,False
satimage,1.0,0,0.8473638613547032,0.8473183197958939,95.64218167700892,117.8370566620124,0.81364057661778,30.238795639001182,0.81364057661778,0.81364057661778,0.8382401668340761,178.76628322100441,False,False,False,False
satimage,0.2,1,0.6951847389236825,0.6939251299337161,10.891165626997463,19.86467675899803,0.6613860937375291,7.195154978999199,0.6613860937375291,0.6613860937375291,0.7341729014896347,56.66742240000167,False,True,False,False
satimage,0.6,1,0.7813755722107361,0.7729599903505219,51.937798407994705,51.63157336200493,0.7911724544169516,14.538974558001428,0.7911724544169516,0.7911724544169516,0.7868465748781093,249.30639932499616,True,True,False,True
satimage,1.0,1,0.8298972211679313,0.8352643809126024,78.44481882998298,89.71431537700846,0.7970646225155595,20.19408570699943,0.7970646225155595,0.7970646225155595,0.8197031016016715,173.88644423699589,False,False,False,False
satimage,0.1,0,0.6249214674299558,0.6134508925886372,4.933050364994415,5.1414865009937785,0.6555413447122508,9.603449287009425,0.6216661216608016,0.6216661216608016,0.6292420416778298,66.46993114199722,False,True,False,True
satimage,0.3,0,0.7268748407140986,0.74283501242127,16.37040989000161,28.30162807898523,0.7354690487979167,2.8790157890325645,0.7354690487979167,0.7354690487979167,0.7493440171073814,178.22574497600726,True,True,False,False
satimage,0.4,0,0.7401628970216382,0.7682560849456626,31.41970203699202,38.38339486400582,0.7727504086905496,24.939706626028055,0.7727504086905496,0.7727504086905496,0.7874370453449411,180.66994917599368,True,True,False,True
satimage,0.5,0,0.7643826989905687,0.769712314904773,36.51524877197153,51.34266100301829,0.7515734570999196,4.046558953006752,0.7515734570999196,0.7515734570999196,0.8034658763559431,111.66837200699956,False,True,False,False
satimage,0.7,0,0.8317087777547267,0.8283609927616165,57.43408900798022,62.22122964400842,0.8089634917587643,4.883290384997963,0.8089634917587643,0.8089634917587643,0.8270518885186618,139.10710285299865,False,False,False,False
satimage,0.8,0,0.8395177966371408,0.8243569632427513,108.21285278900723,112.79855720400701,0.8157255780668409,44.70089545301744,0.8157255780668409,0.8157255780668409,0.8310970906918342,172.20125478999398,False,True,False,False
satimage,0.9,0,0.8368509973805933,0.8482162445075826,76.25838683002439,86.20602885001426,0.8185904818487824,18.15026677098649,0.8185904818487824,0.8185904818487824,0.8376856360869877,179.82879852301267,False,False,False,False
satimage,0.1,1,0.6063901518225068,0.6065053224051732,3.2543820010105264,4.107754843007569,0.6806911000474799,4.612551301994245,0.6806911000474799,0.6806911000474799,0.6778068147229122,44.48454117200163,True,True,False,True
satimage,0.3,1,0.7337275208818065,0.7461032224782395,13.97708967098879,18.755606568018266,0.7055266551265599,8.04452512600983,0.7055266551265599,0.7055266551265599,0.7687402850691474,125.03989844900207,False,True,False,False
satimage,0.4,1,0.7507340004013441,0.7560326944460437,22.540546337006163,38.359191861007275,0.7606966855842029,4.415778242007946,0.7606966855842029,0.7606966855842029,0.7754400191473838,80.59023521900235,True,True,False,True
satimage,0.5,1,0.7494718146382044,0.75216958202423,40.216079423993506,38.425856819008914,0.7616119294721453,4.9698160650150385,0.7616119294721453,0.7616119294721453,0.7796642520128602,172.73482882299868,True,True,False,True
satimage,0.7,1,0.7896815190472849,0.7857403462515163,44.78919256500376,53.75330319100976,0.7886585171110245,8.729070216970285,0.7886585171110245,0.7886585171110245,0.8011632608409086,188.20031702399137,False,True,False,True
satimage,0.8,1,0.8017504763019837,0.8094060120473494,76.16057668699978,76.39732749499854,0.7867230935747723,7.897855382965645,0.7867230935747723,0.7867230935747723,0.8163584564048443,242.47234152299643,False,True,False,False
satimage,0.9,1,0.8109093333100671,0.8204563266331846,72.29275453702576,90.2906570570085,0.8042207686877778,19.094236452016048,0.8042207686877778,0.8042207686877778,0.8115043234295182,188.54057698699762,False,False,False,False
jm1,0.2,0,0.41224379845399656,0.4115169574442965,9.143106478000846,13.171418008008914,0.3995247691269028,22.39843070200004,0.3944595464768875,0.3995247691269028,0.4180007021559997,64.25697469100123,False,True,False,False
jm1,0.6,0,0.43291736995760427,0.4414237455812141,29.218305518006673,25.080887827993138,0.4457779369800071,45.77064022400009,0.4523685013318325,0.4523685013318325,0.46095364243152015,130.22952305800573,True,True,False,True
jm1,1.0,0,0.4392545795945251,0.4279905826252235,35.1279580730079,39.93081579600948,0.4594454039446935,48.66653876300052,0.4594454039446935,0.4594454039446935,0.4789018063621356,586.3846928310086,True,True,False,True
jm1,0.2,1,0.36420114263101017,0.3509221076253657,14.448328863003553,16.69008825000128,0.3879200846640609,21.13636118400018,0.3879200846640609,0.3879200846640609,0.37228647081938265,241.31657424099103,True,True,False,True
jm1,0.6,1,0.3873117179893412,0.39320932987487517,23.49151996099863,27.149554251000154,0.3980881139124389,27.34239413000023,0.3980881139124389,0.3980881139124389,0.41205017200864175,197.40177773000323,True,True,False,True
jm1,1.0,1,0.3954100785949529,0.4164187084837514,38.436907682997116,43.827461400000175,0.4259224822896435,62.9812316929997,0.42714998400673465,0.42714998400673465,0.4349378643783961,306.7051664900064,True,True,False,True
jm1,0.1,0,0.3780944834118755,0.3872913898053805,5.8795409870108415,5.754554870007269,0.37323342880302823,3.9421723089908483,0.37323342880302823,0.37323342880302823,0.39976802435734415,34.99259729500045,False,True,False,False
jm1,0.3,0,0.4247012635026219,0.42040646842588564,12.093723308007611,11.895975171995815,0.4367500534175698,7.2581143229908776,0.4367500534175698,0.4367500534175698,0.43964877859344653,43.202673106992734,True,True,False,True
jm1,0.4,0,0.42736205168236274,0.4370976867236259,18.36201139500008,19.08152946598966,0.4420957149094062,5.853883190007764,0.4420957149094062,0.4420957149094062,0.44610944689384135,66.46880496900121,True,True,False,True
jm1,0.5,0,0.43754396290972786,0.42678826552658744,20.932349094975507,20.443521367997164,0.4482369544689051,10.15920280899445,0.4482369544689051,0.4482369544689051,0.4684009419540224,117.16414378599438,True,True,False,True
jm1,0.7,0,0.43192357942620835,0.44478363809217025,21.726487613017525,24.05352872599906,0.4557783053915476,11.186224054996273,0.4557783053915476,0.4557783053915476,0.4697676263060223,314.63897250000446,True,True,False,True
jm1,0.8,0,0.435084916390135,0.4399354974370403,37.794905180999194,33.29477566601054,0.45298302990804723,20.702893499008496,0.45298302990804723,0.45298302990804723,0.46279783590192614,295.32056517399906,True,True,False,True
jm1,0.9,0,0.440121164643933,0.4386666827286846,26.357368969001982,29.198257421980088,0.4663431670061857,23.05843231099425,0.4663431670061857,0.4663431670061857,0.47333169923846174,315.3929034090106,True,True,False,True
jm1,0.1,1,0.3264370982157783,0.3351851911660665,5.944974185014871,7.64445111902387,0.27764968562377046,3.2086636909953086,0.27764968562377046,0.27764968562377046,0.3763612061990501,97.48913552399608,False,True,False,False
jm1,0.3,1,0.377597423968868,0.3804113034865343,13.380003618018236,16.943544546003977,0.37000098570882567,4.976870509999571,0.37000098570882567,0.37000098570882567,0.3825173112158982,208.5430839670007,False,True,False,False
jm1,0.4,1,0.37926026308593613,0.38283926069732055,26.493925725002555,24.889085495009567,0.3506474490200594,8.082121988001745,0.3506474490200594,0.3506474490200594,0.39904726464083223,166.1983504749951,False,True,False,False
jm1,0.5,1,0.37767154345112586,0.3873668500022286,21.044736656982423,23.91789074699045,0.40485349251513736,8.40618647498195,0.40485349251513736,0.40485349251513736,0.40949692747332267,161.28516307899554,True,True,False,True
jm1,0.7,1,0.4035256836906249,0.40477775750870937,24.078719564004132,27.6017014889876,0.4117402279111494,14.084241311997175,0.4117402279111494,0.4117402279111494,0.4183476492347793,258.7762437259953,True,True,False,True
jm1,0.8,1,0.4074955071526787,0.39894168786327905,30.10214725599326,39.90189273298711,0.41772819031427555,13.190801826043753,0.41772819031427555,0.41772819031427555,0.42757743727150427,293.8833062880003,True,True,False,True
jm1,0.9,1,0.40549206569455387,0.4058005139349309,28.529136227010895,30.861917466994782,0.42075108768874053,26.070386704959674,0.42075108768874053,0.42075108768874053,0.4325124384142989,288.47262508099084,True,True,False,True
rl,0.2,0,0.3578914137350771,0.36739189755997365,24.369317102009518,27.952212000021973,0.35496350558792333,17.11907832700126,0.35496350558792333,0.35496350558792333,0.37111704632247783,128.5080489039974,False,True,False,False
rl,0.6,0,0.4788842088139268,0.48423619118808564,94.12050675999126,92.479405725986,0.4074671856760783,59.059280530999786,0.4074671856760783,0.4074671856760783,0.46017279661460364,531.4424357870012,False,False,False,False
rl,1.0,0,0.525674868084502,0.535529914435136,146.9167576439977,165.90960258099585,0.47625956536877645,99.14592298600019,0.47625956536877645,0.47625956536877645,0.5232450634925214,259.56976154400036,False,False,False,False
rl,0.2,1,0.35677540193373186,0.35491379702492565,20.93183313201007,28.89074102599625,0.34238582713964383,18.76790154900118,0.34238582713964383,0.34238582713964383,0.3487754605009052,49.54414111400547,False,False,False,False
rl,0.6,1,0.4949804255756404,0.4766108007480583,79.03178775899141,88.49413021701184,0.45206130603754036,54.1621680749995,0.45206130603754036,0.45206130603754036,0.48582354945166867,145.00192689700634,False,True,False,False
rl,1.0,1,0.5338669933787318,0.5321985334723718,123.04203897999832,136.00773694699092,0.4676992194747625,90.82965296600196,0.4676992194747625,0.4676992194747625,0.5174136194540421,181.27971601900936,False,False,False,False
rl,0.1,0,0.3205100037544615,0.30368641160728055,9.477781432964548,12.510394705008366,0.31334190800502665,6.247761296006502,0.31334190800502665,0.31334190800502665,0.3021151741069946,99.875812940998,False,False,False,True
rl,0.3,0,0.3886959632025455,0.39934604507809374,44.3386854580167,40.012258571980055,0.35752233677386774,19.556893806002336,0.35752233677386774,0.35752233677386774,0.3980508756641111,211.6969306319952,False,False,False,False
rl,0.4,0,0.3993391150849105,0.4468862115551472,51.828325129001314,55.38075374399705,0.40070189405514933,16.85087869898416,0.40070189405514933,0.40070189405514933,0.4170131818962204,328.82791037499555,True,False,False,False
rl,0.5,0,0.4503466271372623,0.4676535074116695,56.78609485906054,66.84074891696218,0.431904254265896,21.03328849999525,0.431904254265896,0.431904254265896,0.4532273982116324,514.26179013199,False,False,False,False
rl,0.7,0,0.48961286941402693,0.5004755496982518,88.87965660302143,86.12216407399683,0.43301834524869076,34.20290959297563,0.43301834524869076,0.43301834524869076,0.46697540270735416,612.2335967870022,False,False,False,False
rl,0.8,0,0.5190834908946836,0.5189105610428111,108.21415546002027,119.20923108997158,0.44649630784245503,37.22936004197982,0.44649630784245503,0.44649630784245503,0.4879266114307264,415.01895422999223,False,False,False,False
rl,0.9,0,0.535124387206164,0.5346573751403807,118.5748900290273,124.38494743200863,0.4881415749821184,32.5189466909942,0.4881415749821184,0.4881415749821184,0.4922414984756303,245.1135178609984,False,False,False,False
rl,0.1,1,0.29801021383762494,0.2958651410697489,10.613741032007965,16.985597849015903,0.2548373405050929,9.37399475001439,0.2548373405050929,0.2548373405050929,0.2831893609805465,47.52925046600285,False,False,False,False
rl,0.3,1,0.4154989119607655,0.4168189000797693,33.55668263500411,35.961739136022516,0.37889807041747303,7.155320009012939,0.37889807041747303,0.37889807041747303,0.3781033825471585,78.87440171498747,False,False,False,False
rl,0.4,1,0.4277990546655758,0.44004114421742474,57.14848714697291,54.079314815000544,0.3529723722285281,11.129023187982966,0.3529723722285281,0.3529723722285281,0.4082514597926257,110.64993077500549,False,False,False,False
rl,0.5,1,0.46927795559452234,0.46821266115819116,67.91640735999681,66.77407697896706,0.4176058534099366,13.460059114993783,0.4176058534099366,0.4176058534099366,0.43296774094818447,111.1158217300108,False,False,False,False
rl,0.7,1,0.5065789709189662,0.5069151204494502,88.07438917300897,80.62643888700404,0.4447415064465577,19.894454173962004,0.4447415064465577,0.4447415064465577,0.46402017502977255,195.51221928800805,False,False,False,False
rl,0.8,1,0.5140316924838936,0.5140316924838936,100.32562981302544,101.55042011099795,0.43457072063609814,19.9560715789994,0.43457072063609814,0.43457072063609814,0.47775151472601574,243.45376378500077,False,False,False,False
rl,0.9,1,0.5171317525286897,0.519009052757094,100.97364938899409,105.68180920297891,0.45420107911006746,26.72339649897185,0.45420107911006746,0.45420107911006746,0.5084297346990079,237.169917059,False,False,False,False
sylva_prior,0.2,0,0.9659221886353008,0.945569236240372,25.901043143996503,25.456487723993632,0.956571517323647,15.097804129997712,0.956571517323647,0.956571517323647,0.9591925028322292,82.7419764320075,False,True,False,True
sylva_prior,0.6,0,0.9857675917184238,0.9548192339136732,37.23340358799942,37.44314729499274,0.9770409907312823,35.83615999199901,0.9770409907312823,0.9770409907312823,0.9852785336675778,171.74183421899215,False,True,False,True
sylva_prior,1.0,0,0.9813564037419618,0.9771280741133669,47.51628466000875,46.92622326100354,0.9665545175872436,42.88906118200066,0.9665545175872436,0.9665545175872436,0.9875827417787656,298.31527927900606,False,True,False,False
sylva_prior,0.2,1,0.9468644469679004,0.9500164776323812,14.547804074998567,14.854350924997561,0.970731851717403,14.380248255000879,0.970731851717403,0.970731851717403,0.9827939170591701,103.5848341039964,True,True,False,True
sylva_prior,0.6,1,0.9791514597140349,0.9769240789821805,33.21287291399494,32.64795593499548,0.9693762314439357,25.709539941000912,0.9693762314439357,0.9693762314439357,0.9795925173100556,276.4327716619882,False,True,False,False
sylva_prior,1.0,1,0.9875016874925567,0.9876253449412059,57.26388203100214,63.81092745100068,0.987409333585707,52.97358929099937,0.987409333585707,0.987409333585707,0.9902167405999599,308.06682131500565,False,True,False,False
sylva_prior,0.1,0,0.9582523350451888,0.9670420792732336,8.54252108800938,11.61017151899432,0.9628605182800923,10.334058453983744,0.9628605182800923,0.9628605182800923,0.961810259837885,80.99282159098948,True,False,False,False
sylva_prior,0.3,0,0.9412576447740152,0.9507479655102958,20.09304301101656,21.31459323501258,0.9791755437574354,5.369293118987116,0.9791755437574354,0.9791755437574354,0.9824592935382297,128.48512503200618,True,True,False,True
sylva_prior,0.4,0,0.974546836134943,0.9728848512237591,27.854357232001348,32.84486791799827,0.9727283461580191,8.114303380993078,0.9727283461580191,0.9727283461580191,0.9798722805445451,142.40946558599535,False,True,False,False
sylva_prior,0.5,0,0.9703099473586649,0.9801622771946157,43.84956588501154,33.46651355799986,0.9799077832471095,6.647761775981053,0.9799077832471095,0.9799077832471095,0.9762410242454157,138.73694750999857,True,False,False,False
sylva_prior,0.7,0,0.9797030749775688,0.9855459611622857,41.98433684101474,29.48105672699603,0.9849938459407217,19.00532641602331,0.9849938459407217,0.9849938459407217,0.9879444812200685,187.24300753000716,True,True,False,False
sylva_prior,0.8,0,0.9779094572796672,0.9833374449017221,42.73880455299695,57.99854674598464,0.9780412984779077,13.335806975024752,0.9780412984779077,0.9780412984779077,0.9832548048316401,207.75947999799973,True,False,False,False
sylva_prior,0.9,0,0.9795543734887248,0.9787216450831655,42.88097883401497,29.747028347006562,0.9833984724789634,14.59962477395311,0.9833984724789634,0.9833984724789634,0.9882898099906952,217.8834805959923,True,True,False,True
sylva_prior,0.1,1,0.9493074753754372,0.9461061478897802,5.717289675998472,5.552274221008702,0.9534106222990533,2.659630937036127,0.9534106222990533,0.9534106222990533,0.9803435027833329,62.17494547000388,True,True,False,True
sylva_prior,0.3,1,0.9579662890443036,0.9683991261087794,19.93919553800879,15.053995909995137,0.9810345742438313,14.358851220997167,0.9810345742438313,0.9810345742438313,0.9751380177913879,119.7707753089926,True,True,False,True
sylva_prior,0.4,1,0.9753508413976368,0.9698881078989486,26.084475803992973,26.620003526008077,0.975746750665328,18.385792488988955,0.975746750665328,0.975746750665328,0.9679400194948902,165.7019380450074,True,False,False,True
sylva_prior,0.5,1,0.9642678422419793,0.9652886198557787,21.383468896026898,15.751582776003488,0.9823474912690033,12.205521593990852,0.9823474912690033,0.9823474912690033,0.986402947768234,256.12509937801224,True,True,False,True
sylva_prior,0.7,1,0.9783743137073481,0.986495766308257,20.945641802976752,30.41176985702623,0.9858214616352923,10.880819133017212,0.9858214616352923,0.9858214616352923,0.979167906100727,235.53396923099353,True,False,False,False
sylva_prior,0.8,1,0.9713247741481894,0.9862150475966576,35.626613583002836,43.99329597699034,0.9924566093237405,20.11486406797485,0.9924566093237405,0.9924566093237405,0.9868141916634832,239.99266118300147,True,True,False,True
sylva_prior,0.9,1,0.9892042106937367,0.9874404570426591,35.604357035979774,38.58609644300304,0.9870019651145392,12.013754979998339,0.9870019651145392,0.9870019651145392,0.9914023511924973,361.9045880640042,False,True,False,False
Bank_marketing_data_set_UCI,0.2,0,0.5825293945265115,0.594081796304282,17.24537236602191,18.73623595799654,0.5884976220551995,29.397610213999997,0.5884976220551995,0.5884976220551995,0.6123911475609474,82.31055576799554,True,True,False,False
Bank_marketing_data_set_UCI,0.6,0,0.6252977829786115,0.6308698855579532,44.208527001999755,49.978302020997944,0.6249093208445592,40.47423667300018,0.6249093208445592,0.6249093208445592,0.6326903004083243,442.0656052080012,False,True,False,False
Bank_marketing_data_set_UCI,1.0,0,0.636058716944483,0.6417581398231169,72.19529140801387,98.33020727300755,0.6366714121343304,78.69175774099995,0.6366714121343304,0.6366714121343304,0.6404325653678002,612.1902446909953,True,False,False,False
Bank_marketing_data_set_UCI,0.2,1,0.5851149375235017,0.588329275724708,21.324288225998316,23.387394828987453,0.5715217195146357,23.815134403999764,0.5715217195146357,0.5715217195146357,0.5818089639849172,150.02444177199504,False,False,False,False
Bank_marketing_data_set_UCI,0.6,1,0.6133955306726518,0.6156590222509106,41.49602340400088,50.37190656700113,0.6191746858611691,44.27097554300053,0.6191746858611691,0.6191746858611691,0.631033973185426,402.46569052700943,True,True,False,True
Bank_marketing_data_set_UCI,1.0,1,0.6313484605090264,0.6311538219086162,68.8417731479858,75.96104275999824,0.6417766204145331,94.45711398700041,0.6417766204145331,0.6417766204145331,0.6383937202643698,538.736170750999,True,True,False,True
Bank_marketing_data_set_UCI,0.1,0,0.5681658895124642,0.5763594705467519,9.4076756969298,9.123952531001123,0.5543999854587095,6.155821781998384,0.5543999854587095,0.5543999854587095,0.5801561904665229,38.37503478898725,False,True,False,False
Bank_marketing_data_set_UCI,0.3,0,0.6151248945628716,0.6136335854375183,18.52395926801546,21.789210652001202,0.6218294597962717,7.58474300900707,0.6218294597962717,0.6218294597962717,0.6219791910500876,71.27283267299936,True,True,False,True
Bank_marketing_data_set_UCI,0.4,0,0.6332955149996465,0.63064767833561,34.04913700000907,37.88689289499234,0.6119419932721374,10.642044126012479,0.6119419932721374,0.6119419932721374,0.6271929645552151,120.98902724198706,False,False,False,False
Bank_marketing_data_set_UCI,0.5,0,0.6257701347987827,0.6326976628865592,34.069868329010205,34.7225095720496,0.6234394053363603,22.227479093024158,0.6234394053363603,0.6234394053363603,0.6320572353415765,195.82152946399583,False,False,False,False
Bank_marketing_data_set_UCI,0.7,0,0.6423833236862935,0.633116822006631,41.359150075993966,52.54453564301366,0.6287051172465437,32.23894548001408,0.6287051172465437,0.6287051172465437,0.6368015649905334,410.3550795159972,False,True,False,False
Bank_marketing_data_set_UCI,0.8,0,0.6363135142112041,0.6448200991877066,69.64483101697988,79.98529168002642,0.6430437428231717,17.441130794992205,0.6430437428231717,0.6430437428231717,0.6396318989412497,885.3718615690013,True,False,False,False
Bank_marketing_data_set_UCI,0.9,0,0.6413627019797725,0.6323192841481485,60.472786621969135,76.1401345510094,0.6316315456453117,23.788381430975278,0.6316315456453117,0.6316315456453117,0.6415175438541522,561.9309551920014,False,True,False,False
Bank_marketing_data_set_UCI,0.1,1,0.5682789678971948,0.5475769411147604,11.520407231022546,12.1755311329689,0.5307666989868909,5.106763107993174,0.5307666989868909,0.5307666989868909,0.5268905250920819,108.21839952499431,False,False,False,False
Bank_marketing_data_set_UCI,0.3,1,0.6074819375556223,0.6021970979601227,31.889864506018057,25.47970202100987,0.5914666670200894,13.376128804986365,0.5914666670200894,0.5914666670200894,0.6008478668682017,203.20531013800064,False,False,False,False
Bank_marketing_data_set_UCI,0.4,1,0.6077982721649635,0.6109802405079976,29.935044856996683,32.518532296977355,0.6060136323312756,9.01431190999574,0.6060136323312756,0.6060136323312756,0.6134737244923986,263.41394305099675,False,True,False,False
Bank_marketing_data_set_UCI,0.5,1,0.6085483115684719,0.6041700323997592,32.90690583896503,38.1284565479873,0.6261948462576475,45.31070402900514,0.6110629733155062,0.6110629733155062,0.627833035370743,628.1222510410007,True,True,False,True
Bank_marketing_data_set_UCI,0.7,1,0.6213026985739472,0.6193237833727775,43.208852929958084,54.898314729027334,0.6278615411194447,13.914821983984439,0.6278615411194447,0.6278615411194447,0.6318135063923641,449.212962339996,True,True,False,True
Bank_marketing_data_set_UCI,0.8,1,0.6205136749604196,0.6221141345315995,47.76259886398475,61.33146385101645,0.6223882722701498,33.886134587985,0.6223882722701498,0.6223882722701498,0.6384411907317668,473.0799970799999,True,True,False,True
Bank_marketing_data_set_UCI,0.9,1,0.6280045165127972,0.6333421220578362,49.763783783011604,84.0406974279831,0.6383237670725187,24.346835700955126,0.6383237670725187,0.6383237670725187,0.638283708237195,510.32506466298946,True,True,False,True
oil,0.2,0,0.2754530600118835,0.17865894321504722,0.7389137480031422,0.7959103119987958,0.29979220947047946,4.081784426000922,0.29979220947047946,0.29979220947047946,0.2324596356137224,29.79408392299956,True,True,False,True
oil,0.6,0,0.43947636184478284,0.42562012491136203,3.1341299840005377,4.023901319999368,0.4458884841490244,8.310572283999136,0.4458884841490244,0.4458884841490244,0.5561932055722713,85.32612929699826,True,True,False,True
oil,1.0,0,0.45904949183934685,0.4371549417235625,6.121304432997476,10.253987465000591,0.6312257515894946,11.896874924997974,0.6312257515894946,0.6312257515894946,0.579416469606343,80.11233000500943,True,True,False,True
oil,0.2,1,0.20006556557563365,0.20626733036153327,0.8055608280001252,1.0479931010031578,0.12819875847968887,4.287368229001004,0.16984894124073596,0.12819875847968887,0.39025907930995296,16.67973335798888,False,True,False,False
oil,0.6,1,0.5015742199227662,0.4356519259434462,2.5041745819971766,3.511074892996021,0.34467580312158647,7.965442789998633,0.34467580312158647,0.34467580312158647,0.5724774359197734,43.33749979399727,False,True,False,False
oil,1.0,1,0.6582284151034151,0.5736264867818266,5.824909388001288,11.167045875999065,0.5588341715842403,10.382867475001149,0.5588341715842403,0.5588341715842403,0.6920082977600996,38.39879027099232,False,True,False,False
oil,0.3,0,0.3323009690321462,0.3786089489214489,2.318796379986452,2.6616908960095316,0.4336713144790466,4.556584312013001,0.4336713144790466,0.4336713144790466,0.5377731431509974,38.61930420200224,True,True,False,True
oil,0.4,0,0.34836033156556595,0.4314718891119941,1.2874225369992018,1.9331895150007767,0.40465141421023776,5.78194211499067,0.40465141421023776,0.40465141421023776,0.5170753174192453,72.09484005600098,True,True,False,False
oil,0.5,0,0.3360739158486995,0.3944937893384288,3.801913801991759,5.23865438600842,0.43312129488969797,2.6930000300053507,0.43312129488969797,0.43312129488969797,0.4337151274651274,51.011684479992255,True,True,False,True
oil,0.7,0,0.35450027823396113,0.4304929239025524,8.929741431998991,9.956546884008276,0.4907134951332666,3.0764357750158524,0.4907134951332666,0.4907134951332666,0.5955431613283906,153.6658686610026,True,True,False,True
oil,0.8,0,0.44400635184626414,0.47144829120787973,5.418036830998972,8.199877693999497,0.4909493154930336,5.418484629990417,0.4909493154930336,0.4909493154930336,0.6154469591969592,47.98317099999986,True,True,False,True
oil,0.9,0,0.40093515292373016,0.41177267493341096,8.839445934016112,9.053231498994137,0.5357275237757693,7.250549889009562,0.5357275237757693,0.5357275237757693,0.6310349643260394,155.87703312899976,True,True,False,True
oil,0.3,1,0.5675553923313728,0.4748156850459482,1.9590496519922453,2.64065551400563,0.33917318496753573,2.2194507910026005,0.33917318496753573,0.33917318496753573,0.45222754254322783,37.26047801099776,False,False,False,False
oil,0.4,1,0.33871726590171686,0.38363764532482386,1.918641808999837,2.910730607999085,0.25558176585265174,2.278408536032657,0.25558176585265174,0.25558176585265174,0.2863037149866593,80.68876662100956,False,False,False,False
oil,0.5,1,0.32501438706795854,0.44719050173996316,3.1445295400044415,4.308493969005212,0.5056030405415651,2.984676397012663,0.5056030405415651,0.5056030405415651,0.5080849907746192,40.696712918012054,True,True,False,True
oil,0.7,1,0.5958181066082316,0.5810124530845541,5.790334831013752,9.101417107005545,0.43886815541427154,7.290669491994777,0.43886815541427154,0.43886815541427154,0.6227660699847605,60.597635268000886,False,True,False,False
oil,0.8,1,0.6341485155429203,0.5060095842048089,4.719683785000143,9.158310988000721,0.5796627561485848,17.455008202974568,0.5329851727611713,0.5329851727611713,0.7208333333333334,62.04139778800891,False,True,False,True
oil,0.9,1,0.44020456247795825,0.5471716577457856,6.651596602012432,9.299972506014456,0.5782013232117758,3.681939901012811,0.5782013232117758,0.5782013232117758,0.6147421021690028,62.81829424999887,True,True,False,True
thyroid_sick,0.2,0,0.699989296530369,0.8976167203013421,4.304451270995742,6.180462409008214,0.8169280907640409,6.5558325419997345,0.7534416777441418,0.8169280907640409,0.8329605481343705,14.022108247998403,True,False,False,False
thyroid_sick,0.6,0,0.9494023624218985,0.9465726773163563,12.718069084998206,12.372405692997745,0.9144674915789046,11.410019918999751,0.9144674915789046,0.9144674915789046,0.9003492730011337,24.269184545992175,False,False,False,False
thyroid_sick,1.0,0,0.9618485273713671,0.9819933181413675,20.453857405000235,24.2488929020019,0.9766100878857972,19.96982229400055,0.9766100878857972,0.9766100878857972,0.9759650568776556,54.83552293899993,True,False,False,False
thyroid_sick,0.2,1,0.8107193348949442,0.8945837381210437,4.2861544039988075,4.136592883002777,0.8666888385130977,6.175830055000915,0.8193219511072944,0.8193219511072944,0.9294340756169417,15.246481445006793,True,True,False,False
thyroid_sick,0.6,1,0.938040060425194,0.9428561188705182,14.04776353500256,12.889446997998675,0.9589048007488052,7.311339747000602,0.9589048007488052,0.9589048007488052,0.962862138139823,17.326982375001535,True,True,False,True
thyroid_sick,1.0,1,0.9713415412851515,0.9729710883182698,35.1160003140003,20.23610400400321,0.9638609504480122,10.051065833001303,0.9638609504480122,0.9638609504480122,0.9775881083394897,53.52107452698692,False,True,False,False
thyroid_sick,0.1,0,0.599408964704829,0.694935595106463,1.25872960900233,1.309289891993103,0.8067334931754269,1.5379116760159377,0.8067334931754269,0.8067334931754269,0.8413543291042141,19.12500531200203,True,True,False,True
thyroid_sick,0.3,0,0.9567031145221976,0.9458489092596893,3.326076917004684,5.992866472002788,0.710985783788326,2.030189464974683,0.710985783788326,0.710985783788326,0.8776413442841106,21.982585922,False,False,False,False
thyroid_sick,0.4,0,0.9202052146192443,0.9122625562359546,8.209421141995335,9.115954092003449,0.8871215481604023,3.668169510026928,0.8871215481604023,0.8871215481604023,0.9208141054094356,19.562748210999416,False,True,False,False
thyroid_sick,0.5,0,0.9194367815674034,0.9300274216398593,6.850335826999071,9.796796039991023,0.9082106702750555,3.0846251400071196,0.9082106702750555,0.9082106702750555,0.922727121275838,33.094445123992045,False,False,False,False
thyroid_sick,0.7,0,0.9163362804570075,0.9527019137553805,11.687541087987483,11.345534524982213,0.944790347744805,2.4117730829893844,0.944790347744805,0.944790347744805,0.8695867471267327,57.790155692986446,True,False,False,False
thyroid_sick,0.8,0,0.9578793576236916,0.9488977618212222,17.730743390998214,24.273826646998714,0.9372350108442247,2.5129079919715878,0.9372350108442247,0.9372350108442247,0.9547980424019438,26.944485792002524,False,True,False,False
thyroid_sick,0.9,0,0.961810780189096,0.9740390554191937,13.94605993300138,15.200742393004475,0.9709628409976063,2.8036079880112084,0.9709628409976063,0.9709628409976063,0.9786252908014342,40.20989642699715,True,True,False,False
thyroid_sick,0.1,1,0.858798411887313,0.7713457124232255,1.382931621006719,1.4488642320102372,0.8717102308846746,1.410168259011698,0.8717102308846746,0.8717102308846746,0.8412850373125862,21.701198545997613,True,True,False,True
thyroid_sick,0.3,1,0.8809062080504483,0.9183862496449572,3.6257239779733936,4.921495088998199,0.9780420157801717,1.8183258710050723,0.9780420157801717,0.9780420157801717,0.9693155835052873,16.124876805988606,True,True,False,True
thyroid_sick,0.4,1,0.8921628683688223,0.9040568223135079,14.372576061998188,9.431816886998604,0.9502684986478052,1.915437073985231,0.9502684986478052,0.9502684986478052,0.9524096070367567,15.094015941998805,True,True,False,True
thyroid_sick,0.5,1,0.9568687098462911,0.9509787845036678,7.754140775985434,7.533798653003032,0.9428109315728268,9.412829476990737,0.9428109315728268,0.9428109315728268,0.9692176762019815,42.35501229399233,False,True,False,False
thyroid_sick,0.7,1,0.9492490918174259,0.926825694136223,9.592525744999875,9.639772632999666,0.9294666768186476,1.9290195389912697,0.9294666768186476,0.9294666768186476,0.9692745894214232,33.51772796399018,False,True,False,True
thyroid_sick,0.8,1,0.939256243822244,0.9614658517382328,15.745322783999654,22.58505010799945,0.9490538528368467,2.847139074016013,0.9490538528368467,0.9490538528368467,0.9665414086497868,34.807057482001255,True,True,False,False
thyroid_sick,0.9,1,0.9655673265431193,0.9652239987647133,11.394410472985328,14.439197843006696,0.9638071715425246,2.3638653050147695,0.9638071715425246,0.9638071715425246,0.9857441328291413,24.13340106800024,False,True,False,False
JapaneseVowels,0.2,0,0.9901656087184515,0.9906214604444397,18.961001601011958,21.2091116189913,0.9938066705908708,13.903690160000224,0.9938066705908708,0.9938066705908708,0.9943394857974636,93.09946615398803,True,True,False,True
JapaneseVowels,0.6,0,0.9966460702076624,0.9967221861369687,59.770003936997455,60.3935095289944,0.9970902859994218,23.532389858002716,0.9970902859994218,0.9970902859994218,0.9973224638315692,299.7612716500007,True,True,False,True
JapaneseVowels,1.0,0,0.9982643741259778,0.998778628622249,94.37042781899072,92.36227024701111,0.9974369333588811,33.99768217199926,0.9974369333588811,0.9974369333588811,0.9987751859645775,336.61793802400643,False,False,False,False
JapaneseVowels,0.2,1,0.989296480829939,0.9879384767589502,22.467015614005504,24.1707137100002,0.9898036302115507,10.585591904001376,0.9898036302115507,0.9898036302115507,0.993567417951851,84.55580325399933,True,True,False,True
JapaneseVowels,0.6,1,0.9968099611363476,0.9975511600966501,61.0415096529905,61.31751388799421,0.9970461968443812,20.373222233998604,0.9970461968443812,0.9970461968443812,0.9976310053656446,200.1596109910024,True,True,False,False
JapaneseVowels,1.0,1,0.9988176160589728,0.998843371744246,90.67025471299894,99.67518791699695,0.9977343755535922,24.346713553000882,0.9977343755535922,0.9977343755535922,0.9989765428545735,384.53074094800104,False,True,False,False
JapaneseVowels,0.1,0,0.9798915126958334,0.9762230908182377,7.033933831000468,7.173168452001846,0.9853842552655085,6.407784459996037,0.9853842552655085,0.9853842552655085,0.9898035530260053,41.15643011299835,True,True,False,True
JapaneseVowels,0.3,0,0.9942131382748833,0.9941060855225059,30.225630057997478,31.450922450007056,0.9945056024142583,4.558697686981759,0.9945056024142583,0.9945056024142583,0.99555430263031,109.51004088499758,True,True,False,True
JapaneseVowels,0.4,0,0.9944308206366121,0.9949751376672682,45.71411281799192,45.06096330899709,0.9937346522745694,9.125048633024562,0.9937346522745694,0.9937346522745694,0.9962567772238828,135.68248758499976,False,True,False,False
JapaneseVowels,0.5,0,0.9946143442878361,0.9954676259939081,45.17878660100541,54.23644454795431,0.995682694776008,8.06004565198964,0.995682694776008,0.995682694776008,0.9967721492959204,171.63266809500055,True,True,False,True
JapaneseVowels,0.7,0,0.9971118299118088,0.9972565880871704,66.55738626600214,66.3214817500484,0.9965469500071125,13.839217314962298,0.9965469500071125,0.9965469500071125,0.9980320205489039,224.23920769999677,False,True,False,False
JapaneseVowels,0.8,0,0.9979135551463467,0.9976740855191282,75.3015748920061,81.89406377800333,0.9959160138443842,21.317221954028355,0.9959160138443842,0.9959160138443842,0.9984354928809153,247.96651883400045,False,True,False,False
JapaneseVowels,0.9,0,0.9984581623506456,0.9984486559821637,75.24840864502039,85.11506195904076,0.9981711078654663,11.037320468982216,0.9981711078654663,0.9981711078654663,0.998575666363418,334.4180770480016,False,True,False,False
JapaneseVowels,0.1,1,0.9782782812795692,0.9791513162336276,6.447941090991662,8.153038099997502,0.9846565380738469,3.2165091980132274,0.9846565380738469,0.9846565380738469,0.9904003566633511,79.46025573300722,True,True,False,True
JapaneseVowels,0.3,1,0.9941225238022755,0.9920830886420048,31.764220149030734,29.37813797502895,0.9918843669309201,9.476960574043915,0.9918843669309201,0.9918843669309201,0.995129188820461,102.3643823510065,False,True,False,False
JapaneseVowels,0.4,1,0.9951017722616661,0.9946319247751949,47.604444067994336,48.788435886992374,0.9923602323163168,6.890242065011989,0.9923602323163168,0.9923602323163168,0.9953530424481275,124.40701653000724,False,True,False,False
JapaneseVowels,0.5,1,0.9952631761818804,0.9961969487326796,48.45977260501968,48.275080688988965,0.9959588174964195,6.726259015020332,0.9959588174964195,0.9959588174964195,0.9969046016303774,142.95973140098795,True,True,False,False
JapaneseVowels,0.7,1,0.9967799751790367,0.997621988991769,56.60889023999334,68.29123853599594,0.997202521313071,19.431736079990515,0.997202521313071,0.997202521313071,0.9976639719778607,167.63016605000303,True,True,False,False
JapaneseVowels,0.8,1,0.9983775752774564,0.9986547639014558,67.22167962998537,80.25477218200103,0.9977360712078706,10.703389046975644,0.9977360712078706,0.9977360712078706,0.9985935638755713,235.5000252949976,False,False,False,False
JapaneseVowels,0.9,1,0.9982726884632092,0.9981961423712152,77.64558860503166,74.94648369902279,0.9983559525656482,16.765224782997393,0.9983559525656482,0.9983559525656482,0.9988699628258306,312.66927590899286,True,True,False,True
pendigits,0.2,0,0.9915405324000804,0.9918649596971045,14.262791806007954,16.03885096000704,0.9949539735316679,9.988212477999696,0.9949539735316679,0.9949539735316679,0.9957609528533802,372.7999591520056,True,True,False,True
pendigits,0.6,0,0.9964939150421913,0.9969464454484378,38.24941044299703,35.72164357099791,0.9972718621249899,21.786092318000556,0.9972718621249899,0.9972718621249899,0.9980346687945977,231.70396077299665,True,True,False,True
pendigits,1.0,0,0.9984572754580354,0.9982762165704018,60.87199669900474,58.16869065699575,0.9975938597129544,25.511610173999998,0.9975938597129544,0.9975938597129544,0.9987751598735759,207.76584770099726,False,True,False,False
pendigits,0.2,1,0.9863440679960285,0.9889426189916514,13.581122072992002,15.599248666001586,0.9909028056890081,11.064113930000076,0.9909028056890081,0.9909028056890081,0.9931891399847484,91.84905294099008,True,True,False,True
pendigits,0.6,1,0.9980360750577544,0.9988746632766827,38.815739755011236,39.61569492999297,0.9976656276503142,18.700458738999714,0.9976656276503142,0.9976656276503142,0.9990276925985301,254.58858910099661,False,True,False,False
pendigits,1.0,1,0.9990842379705095,0.9994695192170577,64.91831272500167,59.48626450699521,0.9985681896938234,23.29109041699985,0.9985681896938234,0.9985681896938234,0.9996378737624905,295.4119307739893,False,True,False,False
pendigits,0.1,0,0.9527477308286729,0.966083064242284,5.894855615995766,7.046241695003118,0.9816371673165833,1.7391093510086648,0.9816371673165833,0.9816371673165833,0.9847026400085276,178.17609747899405,True,True,False,True
pendigits,0.3,0,0.9942679958232149,0.9939898975760445,21.25428659598765,21.225489412030583,0.9964945199607592,3.0565767850202974,0.9964945199607592,0.9964945199607592,0.9962155236585022,77.39879764801299,True,True,False,True
pendigits,0.4,0,0.9977186849565296,0.9975101897393444,30.78557038200597,32.73039735599377,0.9974473021899648,16.403752777987393,0.9974473021899648,0.9974473021899648,0.9977020205315204,223.39300780100166,False,True,False,False
pendigits,0.5,0,0.9969359811277972,0.9976331037686472,28.518742554995697,34.310221740997804,0.9966019488687219,14.7755864179926,0.9966019488687219,0.9966019488687219,0.9978759741795297,219.90288153199072,False,True,False,False
pendigits,0.7,0,0.9970011427761866,0.9982699333175338,36.224973683991266,43.3573353799984,0.9977879455834965,4.967517984987353,0.9977879455834965,0.9977879455834965,0.9982990505213193,253.88947387499502,True,True,False,False
pendigits,0.8,0,0.9979301161622177,0.9984471346567687,43.04353915599495,51.133443055998214,0.9976775212152982,9.06692164701235,0.9976775212152982,0.9976775212152982,0.9981252145550517,299.07097611601057,False,False,False,False
pendigits,0.9,0,0.9984554464721012,0.9980845146806612,50.50639334899097,47.6148853369923,0.9979796774802782,4.629151531975367,0.9979796774802782,0.9979796774802782,0.9980726451111207,190.52547504199902,False,False,False,False
pendigits,0.1,1,0.9748852635925261,0.9777892184567708,4.741849320980691,5.979196917993249,0.9920037309282058,1.8915641260100529,0.9920037309282058,0.9920037309282058,0.9929150762517889,118.00239064500784,True,True,False,True
pendigits,0.3,1,0.9951748538994936,0.9934507953141496,16.077612852979655,18.930667552998784,0.9928250624959934,4.548152408999158,0.9928250624959934,0.9928250624959934,0.9955140566126466,155.10369953799818,False,True,False,False
pendigits,0.4,1,0.9973539488587164,0.9973149302629227,26.50650220400894,23.7055037730006,0.9985224542899818,27.117889832996298,0.9970533464826885,0.9966679550820865,0.9980400379219075,130.97555105100037,False,True,False,False
pendigits,0.5,1,0.998890653556711,0.9975156332730064,30.055685989998892,32.58175658701657,0.9974303540482283,4.404513789981138,0.9974303540482283,0.9974303540482283,0.9984716456740721,104.48447963899525,False,True,False,False
pendigits,0.7,1,0.9992824415096636,0.9977042469471173,41.52244648001579,43.10919725699205,0.9985996387098098,4.966484001997742,0.9985996387098098,0.9985996387098098,0.9990609984616605,149.55642917199293,False,True,False,True
pendigits,0.8,1,0.9993831900659633,0.9989259068127572,48.62519505600176,47.589323072994375,0.9987026352053969,10.132383304997347,0.9987026352053969,0.9987026352053969,0.9989178746253891,257.9090115650033,False,False,False,False
pendigits,0.9,1,0.9988996313685206,0.9995750284094228,48.6204027399981,57.04794396698708,0.9984175296546611,5.250985515027423,0.9984175296546611,0.9984175296546611,0.99910408813393,167.33575648799888,False,False,False,False
